"suite","name","samples","sync_p95_ms","sync_max_ms","raf_p95_ms","raf_max_ms","long_tasks","draw_p95_ms","clone_total_ms","compare_json_total_ms"
"engine","baseline/idle","120","0.1","0.2","5.7","5.7","0","","",""
"engine","warmup/100/cold","1","11.2","11.2","11.1","11.1","0","8.2","",""
"engine","warmup/100/warm-pan","45","0.6","0.8","5.7","6.1","0","0.5","",""
"engine","warmup/100/new-region-pan","45","3.1","3.3","5.6","5.7","0","3.1","",""
"engine","warmup/100/zoom-0.75-to-1.5","45","0.5","17","5.6","16.7","0","0.4","",""
"engine","warmup/100/leaf-drag","45","1.5","1.6","5.6","5.7","0","1.2","",""
"engine","dense/1000/cold","1","14.8","14.8","11.1","11.1","0","8.3","",""
"engine","dense/1000/warm-pan","45","0.8","0.9","5.6","5.7","0","0.7","",""
"engine","dense/1000/new-region-pan","45","2.7","3.8","5.7","5.7","0","2.7","",""
"engine","dense/1000/zoom-0.75-to-1.5","45","0.6","20","5.7","16.5","0","0.5","",""
"engine","dense/1000/leaf-drag","45","3.1","3.2","5.6","5.7","0","2.6","",""
"engine","dense/1000/leaf-resize","45","3.6","7.8","5.7","5.7","0","3.2","",""
"engine","dense/1000/hit-test-100-per-frame","30","0.7","1","5.6","5.6","0","","",""
"engine","dense/1000/marquee-query","45","0.4","0.4","5.6","5.7","0","","",""
"engine","dense/1000/selection-overlay-1000","45","0.2","0.3","5.6","5.7","0","1","",""
"engine","spread/1000/cold","1","8.2","8.2","5.6","5.6","0","4.2","",""
"engine","spread/1000/warm-pan","45","0.4","0.4","5.6","5.8","0","0.3","",""
"engine","spread/1000/new-region-pan","45","3.5","3.8","5.6","5.7","0","3.5","",""
"engine","spread/1000/zoom-0.75-to-1.5","45","0.6","14.2","5.7","11","0","0.4","",""
"engine","spread/1000/leaf-drag","45","1.3","1.4","5.7","5.7","0","1","",""
"engine","dense/5000/cold","1","39.9","39.9","38.9","38.9","0","22.3","",""
"engine","dense/5000/warm-pan","45","1.1","1.2","5.6","5.7","0","1","",""
"engine","dense/5000/new-region-pan","45","2.7","3.4","5.7","5.7","0","2.7","",""
"engine","dense/5000/zoom-0.75-to-1.5","45","1.2","28.7","5.7","27.7","0","1.1","",""
"engine","dense/5000/leaf-drag","45","4.1","4.4","5.7","5.7","0","3.4","",""
"engine","dense/5000/leaf-resize","45","3.5","3.9","5.6","5.7","0","2.9","",""
"engine","dense/5000/hit-test-100-per-frame","30","1.5","1.6","5.7","5.7","0","","",""
"engine","dense/5000/marquee-query","45","0.9","1.2","5.6","5.7","0","","",""
"engine","dense/5000/selection-overlay-1000","45","0.1","0.2","5.7","5.7","0","0.6","",""
"engine","spread/5000/cold","1","19.9","19.9","16.7","16.7","0","5.1","",""
"engine","spread/5000/warm-pan","45","0.4","0.4","5.7","5.7","0","0.3","",""
"engine","spread/5000/new-region-pan","45","3.4","4.1","5.6","5.7","0","3.4","",""
"engine","spread/5000/zoom-0.75-to-1.5","45","0.5","16","5.7","11.1","0","0.4","",""
"engine","spread/5000/leaf-drag","45","1.7","1.8","5.7","5.7","0","1.2","",""
"engine","dense/10000/cold","1","79.6","79.6","77.7","77.7","1","52","",""
"engine","dense/10000/warm-pan","45","1.6","1.7","5.7","5.7","0","1.5","",""
"engine","dense/10000/new-region-pan","45","4.1","5.1","5.6","5.7","0","4","",""
"engine","dense/10000/zoom-0.75-to-1.5","45","1.5","61.6","5.7","61.2","1","1.5","",""
"engine","dense/10000/leaf-drag","45","7.6","13","11.2","11.2","0","6.3","",""
"engine","dense/10000/leaf-resize","45","6.4","6.7","11","11.1","0","5.5","",""
"engine","dense/10000/hit-test-100-per-frame","30","2.6","2.9","5.6","5.7","0","","",""
"engine","dense/10000/marquee-query","45","1.4","1.7","5.6","5.7","0","","",""
"engine","dense/10000/selection-overlay-1000","45","0.1","0.2","5.7","5.7","0","0.9","",""
"engine","spread/10000/cold","1","26.8","26.8","27.7","27.7","0","3.8","",""
"engine","spread/10000/warm-pan","45","0.5","0.5","5.6","5.7","0","0.3","",""
"engine","spread/10000/new-region-pan","45","3.1","3.3","5.6","5.7","0","3.1","",""
"engine","spread/10000/zoom-0.75-to-1.5","45","0.5","15","5.6","11.1","0","0.4","",""
"engine","spread/10000/leaf-drag","45","2.4","3","5.6","5.7","0","1.3","",""
"engine","text/1000/cold","1","24.3","24.3","22.3","22.3","0","20.4","",""
"engine","text/1000/warm-pan","45","0.4","0.5","5.6","5.7","0","0.3","",""
"engine","text/1000/new-region-pan","45","9.8","12.5","11","11.2","0","9.7","",""
"engine","text/1000/zoom-0.75-to-1.5","45","0.4","32.7","5.7","33.4","0","0.4","",""
"engine","text/1000/leaf-drag","45","2.5","9.4","5.6","5.8","0","2.3","",""
"engine","images/1000/cold","1","18.4","18.4","22.2","22.2","1","97.2","",""
"engine","images/1000/warm-pan","45","0.4","0.5","5.6","5.7","0","0.3","",""
"engine","images/1000/new-region-pan","45","11.1","15","11.1","11.2","0","11.1","",""
"engine","images/1000/zoom-0.75-to-1.5","45","0.5","81.9","5.7","77.8","1","0.4","",""
"engine","images/1000/leaf-drag","45","2.7","5.6","5.7","5.7","0","2.4","",""
"engine","effects/1000/cold","1","39.3","39.3","38.9","38.9","0","35.2","",""
"engine","effects/1000/warm-pan","45","0.4","0.4","5.6","5.7","0","0.3","",""
"engine","effects/1000/new-region-pan","45","16.3","20.1","16.6","16.7","0","16.3","",""
"engine","effects/1000/zoom-0.75-to-1.5","45","0.6","46.8","5.7","44.4","0","0.4","",""
"engine","effects/1000/leaf-drag","45","3.9","5.3","5.7","5.7","0","3.5","",""
"engine","path/1000/cold","1","15.3","15.3","11.1","11.1","0","10.1","",""
"engine","path/1000/warm-pan","45","0.3","0.4","5.6","5.7","0","0.3","",""
"engine","path/1000/new-region-pan","45","4.2","4.7","5.6","5.7","0","4","",""
"engine","path/1000/zoom-0.75-to-1.5","45","0.5","29.2","5.6","27.7","0","0.4","",""
"engine","path/1000/leaf-drag","45","1.7","2","5.6","5.7","0","1.5","",""
"engine","mixed/1000/cold","1","28.7","28.7","27.7","27.7","0","24.8","",""
"engine","mixed/1000/warm-pan","45","0.4","0.5","5.6","5.7","0","0.3","",""
"engine","mixed/1000/new-region-pan","45","12.4","14.7","11.2","11.2","0","12.3","",""
"engine","mixed/1000/zoom-0.75-to-1.5","45","0.6","41.8","5.7","38.8","0","0.5","",""
"engine","mixed/1000/leaf-drag","45","2","2.8","5.7","5.7","0","1.6","",""
"engine","mixed/1000/leaf-resize","45","1.6","1.8","5.6","5.7","0","1.4","",""
"engine","mixed/1000/hit-test-100-per-frame","30","0.4","0.4","5.6","5.6","0","","",""
"engine","mixed/1000/marquee-query","45","0.2","0.2","5.7","5.7","0","","",""
"engine","mixed/1000/selection-overlay-1000","45","0.1","0.2","5.6","5.7","0","0.4","",""
"engine","components/1000/cold","1","30.3","30.3","27.8","27.8","0","19.6","",""
"engine","components/1000/warm-pan","45","0.4","0.4","5.6","5.7","0","0.3","",""
"engine","components/1000/new-region-pan","45","10.4","10.7","11.1","11.3","0","10.3","",""
"engine","components/1000/zoom-0.75-to-1.5","45","0.5","28.9","5.6","27.8","0","0.4","",""
"engine","components/1000/leaf-drag","45","7.1","7.8","11.1","11.2","0","2.7","",""
"engine","canvas2d/10000/cold","1","62.7","62.7","61.2","61.2","1","37.5","",""
"engine","canvas2d/10000/warm-pan","45","1.6","1.6","5.6","5.7","0","1.5","",""
"engine","canvas2d/10000/new-region-pan","45","1.2","1.9","5.7","11.3","0","1.2","",""
"engine","canvas2d/10000/zoom-0.75-to-1.5","45","1.4","32.5","5.6","27.7","0","1.3","",""
"engine","canvas2d/10000/leaf-drag","45","5.7","9.8","5.7","11.2","0","4.3","",""
"engine","overlap/1000/cold","1","17.6","17.6","16.7","16.7","0","14.4","",""
"engine","overlap/1000/warm-pan","45","0.5","0.7","5.7","5.7","0","0.5","",""
"engine","overlap/1000/new-region-pan","45","3.3","4","5.6","5.7","0","3.2","",""
"engine","overlap/1000/zoom-0.75-to-1.5","45","0.7","44.3","5.7","44.5","0","0.6","",""
"engine","overlap/1000/leaf-drag","45","8.7","9.4","11.2","11.4","0","8.5","",""
"engine","overlap/1000/leaf-resize","45","9.7","12.3","11.3","16.7","0","9.3","",""
"engine","overlap/1000/hit-test-100-per-frame","30","0.8","0.8","5.7","5.7","0","","",""
"engine","overlap/1000/marquee-query","45","0.3","0.4","5.7","5.7","0","","",""
"engine","overlap/1000/selection-overlay-1000","45","0.1","0.2","5.7","5.7","0","0.6","",""
"engine","group/1000/subtree-drag","45","17.8","36.7","22.1","38.8","0","9.4","",""
"engine","group/5000/subtree-drag","45","94.2","102.7","94.4","100","15","33.6","",""
"engine","local-project/0/40/cold","1","19.2","19.2","16.6","16.6","0","16.9","",""
"engine","local-project/0/40/warm-pan","45","0.5","0.5","5.6","5.7","0","0.4","",""
"engine","local-project/0/40/new-region-pan","45","3.6","3.8","5.6","5.7","0","3.3","",""
"engine","local-project/0/40/zoom-0.75-to-1.5","45","0.5","40.2","5.7","38.9","0","0.4","",""
"engine","local-project/0/40/leaf-drag","45","3.3","9","5.6","5.7","0","3.1","",""
"engine","local-project/0/40/leaf-resize","45","3.5","8.9","5.6","5.7","0","3.3","",""
"engine","local-project/0/40/hit-test-100-per-frame","30","0.3","0.4","5.7","5.7","0","","",""
"engine","local-project/0/40/marquee-query","45","0.1","0.2","5.7","5.7","0","","",""
"engine","local-project/0/40/selection-overlay-1000","45","0.1","0.1","5.7","5.7","0","0.3","",""
"engine","local-project/1/22/cold","1","26.7","26.7","22.1","22.1","0","25.5","",""
"engine","local-project/1/22/warm-pan","45","0.4","0.5","5.7","5.8","0","0.3","",""
"engine","local-project/1/22/new-region-pan","45","3.6","3.7","5.6","5.7","0","3.6","",""
"engine","local-project/1/22/zoom-0.75-to-1.5","45","0.4","33.3","5.7","33.2","0","0.4","",""
"engine","local-project/1/22/leaf-drag","45","3.6","5.8","5.7","5.7","0","3.4","",""
"engine","local-project/1/22/leaf-resize","45","3.7","4.1","5.6","5.7","0","3.6","",""
"engine","local-project/1/22/hit-test-100-per-frame","30","0.4","0.9","5.7","5.7","0","","",""
"engine","local-project/1/22/marquee-query","45","0.2","0.2","5.6","5.7","0","","",""
"engine","local-project/1/22/selection-overlay-1000","45","0.1","0.2","5.6","5.7","0","0.2","",""
"engine","local-project/2/23/cold","1","51.8","51.8","49.9","49.9","1","49.9","",""
"engine","local-project/2/23/warm-pan","45","0.5","0.5","5.6","5.7","0","0.3","",""
"engine","local-project/2/23/new-region-pan","45","15.8","23.1","11.1","22.3","0","15.7","",""
"engine","local-project/2/23/zoom-0.75-to-1.5","45","1.6","39.9","5.7","38.8","0","1","",""
"engine","local-project/2/23/leaf-drag","45","8.1","8.6","5.7","11.2","0","7.6","",""
"engine","local-project/2/23/leaf-resize","45","7.2","18.2","5.7","22.2","0","5.7","",""
"engine","local-project/2/23/hit-test-100-per-frame","30","0.7","0.8","5.7","5.7","0","","",""
"engine","local-project/2/23/marquee-query","45","0.1","0.2","5.7","5.7","0","","",""
"engine","local-project/2/23/selection-overlay-1000","45","0.1","0.2","5.6","11.1","0","0.2","",""
"engine","local-project/3/40/cold","1","23.2","23.2","22.2","22.2","0","21.6","",""
"engine","local-project/3/40/warm-pan","45","0.4","1.6","5.6","5.7","0","0.3","",""
"engine","local-project/3/40/new-region-pan","45","2.9","4.7","5.7","5.7","0","2.9","",""
"engine","local-project/3/40/zoom-0.75-to-1.5","45","0.7","30.5","5.7","27.7","0","0.5","",""
"engine","local-project/3/40/leaf-drag","45","8.6","12.9","5.7","11.2","0","8.4","",""
"engine","local-project/3/40/leaf-resize","45","4.1","5.9","5.6","5.7","0","3.7","",""
"engine","local-project/3/40/hit-test-100-per-frame","30","0.6","0.7","5.6","5.8","0","","",""
"engine","local-project/3/40/marquee-query","45","0.1","0.2","5.6","5.7","0","","",""
"engine","local-project/3/40/selection-overlay-1000","45","0.1","0.1","5.6","5.7","0","0.2","",""
"editor","editor/local/40/mount","1","558.7","558.7","611.1","611.1","4","117.9","",""
"editor","editor/local/40/idle","45","0.1","0.1","5.6","5.7","0","","",""
"editor","editor/local/40/native-scroll-pan","60","0.6","1.2","72.2","105.6","10","9.6","",""
"editor","editor/local/40/wheel-zoom","60","3","6.6","177.9","205.6","60","4.5","",""
"editor","editor/local/40/hover","60","3.3","7.4","50.1","66.8","1","0.3","",""
"editor","editor/local/40/pointerdown","1","2.9","2.9","205.6","205.6","1","0.2","1.5",""
"editor","editor/local/40/drag-with-snap","60","0.4","2.5","116.7","166.6","17","15.7","",""
"editor","editor/local/40/drag-commit","1","0.5","0.5","38.8","38.8","0","0","0.2","0.2"
"editor","editor/local/40/drag-without-snap","60","2.3","4","77.8","94.5","3","9.7","",""
"editor","editor/local/40/resize","60","0.2","0.3","72.2","72.3","3","8.2","",""
"editor","editor/local/40/undo","1","2.8","2.8","77.8","77.8","2","50.2","1.2",""
"editor","editor/local/40/redo","1","3.3","3.3","33.3","33.3","1","66.2","1.8",""
"editor","editor/local/40/marquee","45","0.9","2.7","122.2","238.8","14","20.7","",""
"editor","editor/local/40/select-all","1","2.9","2.9","149.9","149.9","1","0.1","",""
"editor","editor/local/40/selected-idle","30","0.1","0.1","5.6","5.6","0","","",""
"editor","editor/local/40/text-enter","1","1.1","1.1","27.7","27.7","0","4.1","",""
"editor","editor/local/40/text-input","45","57.7","104.2","77.7","116.7","9","2.3","",""
"editor","editor/local/40/text-commit","1","2","2","33.3","33.3","0","10.9","0.2",""
"editor","editor/local/40/unmount","1","217","217","216.6","216.6","1","","",""
"editor","editor/mixed-url/100/mount","1","422.2","422.2","455.7","455.7","3","228","",""
"editor","editor/mixed-url/100/idle","45","0","0.2","5.7","5.7","0","","",""
"editor","editor/mixed-url/100/native-scroll-pan","60","0.5","5.5","144.5","255.5","22","13.1","",""
"editor","editor/mixed-url/100/wheel-zoom","60","1","2.6","127.8","261","61","4","",""
"editor","editor/mixed-url/100/hover","60","2.3","2.8","55.5","111.1","3","1.4","",""
"editor","editor/mixed-url/100/pointerdown","1","4.7","4.7","100","100","1","4.9","2.1",""
"editor","editor/mixed-url/100/drag-with-snap","60","0.2","1.7","77.6","111.2","5","22.4","",""
"editor","editor/mixed-url/100/drag-commit","1","0.4","0.4","38.9","38.9","0","0.1","0.6","0.2"
"editor","editor/mixed-url/100/drag-without-snap","60","0.8","4.1","127.8","294.5","16","19","",""
"editor","editor/mixed-url/100/resize","60","0.3","0.8","77.9","94.4","7","10.4","",""
"editor","editor/mixed-url/100/undo","1","1","1","66.6","66.6","2","74.1","0.4",""
"editor","editor/mixed-url/100/redo","1","1","1","22.2","22.2","1","123.2","0.3",""
"editor","editor/mixed-url/100/marquee","45","1.1","3.8","61.2","94.4","3","0.3","",""
"editor","editor/mixed-url/100/select-all","1","0.6","0.6","99.8","99.8","1","0.2","",""
"editor","editor/mixed-url/100/selected-idle","30","0.1","0.1","5.7","5.7","0","","",""
"editor","editor/mixed-url/100/text-enter","1","0.5","0.5","55.6","55.6","1","16","",""
"editor","editor/mixed-url/100/text-input","45","67.5","197.4","122.2","211.1","12","1.1","",""
"editor","editor/mixed-url/100/text-commit","1","1.1","1.1","27.8","27.8","0","10.3","0.4",""
"editor","editor/mixed-url/100/unmount","1","95.9","95.9","99.9","99.9","1","","",""
"editor","editor/mixed-url/1000/mount","1","2034.1","2034.1","2105.5","2105.5","2","1876.4","",""
"editor","editor/mixed-url/1000/idle","45","0.1","0.2","5.6","11.1","0","","",""
"editor","editor/mixed-url/1000/native-scroll-pan","60","0.6","3.3","94.5","133.3","12","11.8","",""
"editor","editor/mixed-url/1000/wheel-zoom","60","1.6","4.4","150","388.9","60","6.7","",""
"editor","editor/mixed-url/1000/hover","60","3.2","6.6","61.1","94.5","4","0.2","",""
"editor","editor/mixed-url/1000/pointerdown","1","4.1","4.1","72.2","72.2","1","1.4","2.9",""
"editor","editor/mixed-url/1000/drag-with-snap","60","0.3","0.6","100","105.6","12","9.5","",""
"editor","editor/mixed-url/1000/drag-commit","1","2.3","2.3","55.6","55.6","1","0.5","4.8","2"
"editor","editor/mixed-url/1000/drag-without-snap","60","0.4","14.9","83.4","100.1","8","10.6","",""
"editor","editor/mixed-url/1000/resize","60","1.2","3","88.9","111.2","11","10.8","",""
"editor","editor/mixed-url/1000/undo","1","5.8","5.8","94.4","94.4","2","51.9","5.2",""
"editor","editor/mixed-url/1000/redo","1","8.3","8.3","133.3","133.3","2","57.5","7.6",""
"editor","editor/mixed-url/1000/marquee","45","0.7","1.8","50","83.3","2","0.9","",""
"editor","editor/mixed-url/1000/select-all","1","1.1","1.1","66.8","66.8","1","0.6","",""
"editor","editor/mixed-url/1000/selected-idle","30","0","0","5.6","5.7","0","","",""
"editor","editor/mixed-url/1000/text-enter","1","0.7","0.7","27.8","27.8","0","4.5","",""
"editor","editor/mixed-url/1000/text-input","45","28.1","34.4","38.9","44.4","0","0.5","",""
"editor","editor/mixed-url/1000/text-commit","1","1","1","28","28","0","9.9","2.5",""
"editor","editor/mixed-url/1000/unmount","1","76.6","76.6","77.7","77.7","1","","",""
"editor","editor/mixed-url/5000/mount","1","4612.1","4612.1","4627.5","4627.5","2","3667.1","",""
"editor","editor/mixed-url/5000/idle","45","0","0.1","5.7","11.1","0","","",""
"editor","editor/mixed-url/5000/native-scroll-pan","60","0.2","0.9","111.1","711","5","10.8","",""
"editor","editor/mixed-url/5000/wheel-zoom","60","0.7","4.4","94.4","2072.1","43","3.8","",""
"editor","editor/mixed-url/5000/hover","60","1.6","2.3","44.5","50.1","0","0.2","",""
"editor","editor/mixed-url/5000/pointerdown","1","13.3","13.3","72.2","72.2","1","0.1","11.8",""
"editor","editor/mixed-url/5000/drag-with-snap","60","0.3","1.1","66.7","83.2","0","5.9","",""
"editor","editor/mixed-url/5000/drag-commit","1","16.4","16.4","77.8","77.8","1","0.4","12.9","16.1"
"editor","editor/mixed-url/5000/drag-without-snap","60","0.2","0.8","55.4","55.7","0","5.2","",""
"editor","editor/mixed-url/5000/resize","60","0.2","0.6","55.6","66.7","0","6.2","",""
"editor","editor/mixed-url/5000/undo","1","14.1","14.1","144.4","144.4","2","56","12.5",""
"editor","editor/mixed-url/5000/redo","1","12.1","12.1","116.6","116.6","1","41.5","11.5",""
"editor","editor/mixed-url/5000/marquee","45","0.7","1","55.6","66.7","0","0.3","",""
"editor","editor/mixed-url/5000/select-all","1","2.1","2.1","66.7","66.7","1","2.3","",""
"editor","editor/mixed-url/5000/selected-idle","30","0.1","0.1","5.7","8.1","0","","",""
"editor","editor/mixed-url/5000/text-enter","1","0.7","0.7","16.7","16.7","0","4.1","",""
"editor","editor/mixed-url/5000/text-input","45","24.8","33.1","38.9","50","0","0.5","",""
"editor","editor/mixed-url/5000/text-commit","1","1.5","1.5","38.9","38.9","0","5.3","12.1",""
"editor","editor/mixed-url/5000/unmount","1","60.8","60.8","61.1","61.1","1","","",""
"editor","editor/mixed-url/10000/mount","1","5661.8","5661.8","5683","5683","2","2987.9","",""
"editor","editor/mixed-url/10000/idle","45","0","0.1","5.7","11.1","0","","",""
"editor","editor/mixed-url/10000/native-scroll-pan","60","0.3","1.9","61.1","744.5","3","695.1","",""
"editor","editor/mixed-url/10000/wheel-zoom","60","0.7","1.3","94.5","2438.7","41","3.6","",""
"editor","editor/mixed-url/10000/hover","60","1.4","3","38.8","55.6","0","0.2","",""
"editor","editor/mixed-url/10000/pointerdown","1","36.9","36.9","105.6","105.6","1","0","33.5",""
"editor","editor/mixed-url/10000/drag-with-snap","60","0.8","3.7","55.7","66.6","1","5.1","",""
"editor","editor/mixed-url/10000/drag-commit","1","30.9","30.9","105.7","105.7","1","0.1","36.9","30.7"
"editor","editor/mixed-url/10000/drag-without-snap","60","1","1.9","55.6","61.2","0","5.4","",""
"editor","editor/mixed-url/10000/resize","60","0.3","0.7","61.1","72.2","0","7.9","",""
"editor","editor/mixed-url/10000/undo","1","27.7","27.7","205.5","205.5","2","53.2","26.9",""
"editor","editor/mixed-url/10000/redo","1","29.8","29.8","222.2","222.2","1","40.3","29.3",""
"editor","editor/mixed-url/10000/marquee","45","0.2","0.7","49.9","72.1","0","0.4","",""
"editor","editor/mixed-url/10000/select-all","1","3.3","3.3","61.1","61.1","1","1.9","",""
"editor","editor/mixed-url/10000/selected-idle","30","0","0.1","16.7","27.8","0","","",""
"editor","editor/mixed-url/10000/text-enter","1","1","1","22.2","22.2","0","3.1","",""
"editor","editor/mixed-url/10000/text-input","45","22.5","24.8","44.5","44.6","0","0.6","",""
"editor","editor/mixed-url/10000/text-commit","1","2.9","2.9","72.2","72.2","1","13.1","35.7",""
"editor","editor/mixed-url/10000/unmount","1","64.3","64.3","66.6","66.6","1","","",""
"editor","editor/dense/1000/mount","1","211.9","211.9","227.7","227.7","1","34","",""
"editor","editor/dense/1000/idle","45","0","0.1","5.7","5.7","0","","",""
"editor","editor/dense/1000/native-scroll-pan","60","0.2","2","50","55.5","0","5.3","",""
"editor","editor/dense/1000/wheel-zoom","60","0.4","0.7","77.9","88.9","20","1.4","",""
"editor","editor/dense/1000/hover","60","1.5","2.1","33.4","33.4","0","0.2","",""
"editor","editor/dense/1000/pointerdown","1","2.8","2.8","55.7","55.7","1","0","1.9",""
"editor","editor/dense/1000/drag-with-snap","60","0.3","2","44.4","44.5","0","7.3","",""
"editor","editor/dense/1000/drag-commit","1","1.4","1.4","22.3","22.3","0","0.8","1.8","1.1"
"editor","editor/dense/1000/drag-without-snap","60","0.2","1.2","44.5","55.5","0","9","",""
"editor","editor/dense/1000/resize","60","0.2","1","50","50.1","0","6.7","",""
"editor","editor/dense/1000/undo","1","2.2","2.2","55.6","55.6","1","25.1","1.9",""
"editor","editor/dense/1000/redo","1","2.2","2.2","27.8","27.8","0","24.7","1.8",""
"editor","editor/dense/1000/marquee","45","0.8","1.8","49.9","61.2","0","1.5","",""
"editor","editor/dense/1000/select-all","1","1","1","61","61","1","2.7","",""
"editor","editor/dense/1000/selected-idle","30","0.1","0.1","5.7","5.7","0","","",""
"editor","editor/dense/1000/multi-pointerdown","1","19.8","19.8","16.7","16.7","0","","1.8",""
"editor","editor/dense/1000/multi-drag","15","0.2","0.2","77.7","77.7","0","20.6","",""
"editor","editor/dense/1000/multi-commit","1","1.3","1.3","27.7","27.7","0","2.3","1.8","1.1"
"editor","editor/dense/1000/unmount","1","70.6","70.6","72.3","72.3","1","","",""
"editor","editor/dense/10000/mount","1","479","479","500","500","2","165.9","",""
"editor","editor/dense/10000/idle","45","0","0.1","5.7","5.7","0","","",""
"editor","editor/dense/10000/native-scroll-pan","60","0.3","0.9","55.5","66.6","1","7.1","",""
"editor","editor/dense/10000/wheel-zoom","60","0.4","1.1","94.4","177.8","37","1.6","",""
"editor","editor/dense/10000/hover","60","1.8","2.8","33.3","38.9","1","0.2","",""
"editor","editor/dense/10000/pointerdown","1","27.2","27.2","94.3","94.3","1","0.1","25.3",""
"editor","editor/dense/10000/drag-with-snap","60","0.6","2.1","72.2","88.9","0","19.8","",""
"editor","editor/dense/10000/drag-commit","1","17.5","17.5","72.1","72.1","1","0","28.5","17.2"
"editor","editor/dense/10000/drag-without-snap","60","0.4","0.6","66.6","111.1","1","18.4","",""
"editor","editor/dense/10000/resize","60","0.5","2.1","61.1","72.3","0","17.9","",""
"editor","editor/dense/10000/undo","1","20.7","20.7","233.3","233.3","2","118.1","20",""
"editor","editor/dense/10000/redo","1","22.4","22.4","211.1","211.1","2","137.2","21.9",""
"editor","editor/dense/10000/marquee","45","1.1","4.9","61.3","66.7","0","11.3","",""
"editor","editor/dense/10000/select-all","1","3","3","77.8","77.8","1","15.6","",""
"editor","editor/dense/10000/selected-idle","30","0.1","0.1","5.7","5.8","0","","",""
"editor","editor/dense/10000/multi-pointerdown","1","2471.2","2471.2","2472","2472","1","","24.7",""
"editor","editor/dense/10000/multi-drag","15","0.9","0.9","699.9","699.9","30","190.9","",""
"editor","editor/dense/10000/multi-commit","1","11.7","11.7","77.9","77.9","1","14.3","23.4","11.5"
"editor","editor/dense/10000/unmount","1","58.2","58.2","55.3","55.3","1","","",""
"editor","editor/group/1000/mount","1","202.2","202.2","216.7","216.7","1","28.1","",""
"editor","editor/group/1000/idle","45","0","0.1","5.6","5.6","0","","",""
"editor","editor/group/1000/native-scroll-pan","60","0.2","0.2","44.6","55.6","0","5.9","",""
"editor","editor/group/1000/wheel-zoom","60","1.1","2.9","77.9","83.3","21","2.6","",""
"editor","editor/group/1000/hover","60","2.9","5","33.3","39","0","0.2","",""
"editor","editor/group/1000/pointerdown","1","3.4","3.4","55.5","55.5","1","0.1","2.4",""
"editor","editor/group/1000/drag-with-snap","60","0.3","1","83.4","105.5","10","31.4","",""
"editor","editor/group/1000/drag-commit","1","1.4","1.4","27.5","27.5","0","0.1","2.1","1"
"editor","editor/group/1000/drag-without-snap","60","0.2","0.5","44.4","44.5","0","4.8","",""
"editor","editor/group/1000/resize","60","0.2","0.4","44.5","55.5","0","4.9","",""
"editor","editor/group/1000/undo","1","2.6","2.6","61.1","61.1","1","19.7","2.1",""
"editor","editor/group/1000/redo","1","2.4","2.4","33.4","33.4","0","17","2",""
"editor","editor/group/1000/marquee","45","0.3","1","33.4","38.9","0","1.2","",""
"editor","editor/group/1000/select-all","1","0.8","0.8","44.5","44.5","0","2.4","",""
"editor","editor/group/1000/selected-idle","30","0.1","0.1","5.7","5.7","0","","",""
"editor","editor/group/1000/unmount","1","70.6","70.6","72.2","72.2","1","","",""
"editor","editor/group/5000/mount","1","324.8","324.8","338.8","338.8","2","92.2","",""
"editor","editor/group/5000/idle","45","0","0.1","5.7","38.8","0","","",""
"editor","editor/group/5000/native-scroll-pan","60","0.6","2","50","77.8","1","5","",""
"editor","editor/group/5000/wheel-zoom","60","0.3","1.1","77.7","127.8","33","1.9","",""
"editor","editor/group/5000/hover","60","2.6","6.8","33.2","33.5","0","0.2","",""
"editor","editor/group/5000/pointerdown","1","14.2","14.2","88.9","88.9","1","0","12.6",""
"editor","editor/group/5000/drag-with-snap","60","0.7","4.3","266.7","605.5","120","93","",""
"editor","editor/group/5000/drag-commit","1","6.9","6.9","49.9","49.9","1","0","12.4","6.8"
"editor","editor/group/5000/drag-without-snap","60","0.7","2","50","50.1","0","8.4","",""
"editor","editor/group/5000/resize","60","0.2","0.4","50","61.1","0","7.9","",""
"editor","editor/group/5000/undo","1","10.4","10.4","133.3","133.3","2","60","10",""
"editor","editor/group/5000/redo","1","10.7","10.7","105.5","105.5","2","62.4","9.9",""
"editor","editor/group/5000/marquee","45","0.8","1.8","44.5","50.1","0","7.2","",""
"editor","editor/group/5000/select-all","1","1.4","1.4","61.1","61.1","1","7.3","",""
"editor","editor/group/5000/selected-idle","30","0","0.1","5.7","5.7","0","","",""
"editor","editor/group/5000/unmount","1","52.5","52.5","50","50","1","","",""
"lifecycle","cache/mixed1000/long-pan-360","360","7.8","11.3","5.7","16.6","0","7.7","",""
"lifecycle","cache/mixed1000/return-origin","1","9.5","9.5","5.5","5.5","0","9.3","",""
"lifecycle","lifecycle/mount-draw-dispose-20","20","39","41.3","38.9","39","0","22.9","",""
"snapshot","snapshot/mixed-url/1000/run1/mount","1","1102.7","1102.7","1122.2","1122.2","3","1051.2","",""
"snapshot","snapshot/mixed-url/1000/run1/pointerdown","1","3.4","3.4","83.3","83.3","1","0.1","2.6",""
"snapshot","snapshot/mixed-url/1000/run1/drag-with-snap","60","0.3","0.8","44.5","50","0","3.9","",""
"snapshot","snapshot/mixed-url/1000/run1/drag-commit","1","2.9","2.9","27.8","27.8","0","0","2.6","2.4"
"snapshot","snapshot/mixed-url/1000/run1/unmount","1","71.5","71.5","72.2","72.2","1","","",""
"snapshot","snapshot/mixed/1000/run1/mount","1","1162.4","1162.4","1183.4","1183.4","2","1078.2","",""
"snapshot","snapshot/mixed/1000/run1/pointerdown","1","690.4","690.4","761.1","761.1","1","0.1","354.6",""
"snapshot","snapshot/mixed/1000/run1/drag-with-snap","60","0.2","0.3","39","50","0","3.4","",""
"snapshot","snapshot/mixed/1000/run1/drag-commit","1","998","998","1455.4","1455.4","1","0.1","425.3","997.8"
"snapshot","snapshot/mixed/1000/run1/unmount","1","71","71","72.3","72.3","1","","",""
"snapshot","snapshot/mixed-url/1000/run2/mount","1","841.4","841.4","855.4","855.4","3","985.2","",""
"snapshot","snapshot/mixed-url/1000/run2/pointerdown","1","3.1","3.1","50.1","50.1","1","0.1","2.1",""
"snapshot","snapshot/mixed-url/1000/run2/drag-with-snap","60","0.2","3.3","44.5","55.6","0","3.2","",""
"snapshot","snapshot/mixed-url/1000/run2/drag-commit","1","2","2","55.7","55.7","0","0.1","3.5","1.7"
"snapshot","snapshot/mixed-url/1000/run2/unmount","1","63","63","72.3","72.3","1","","",""
"snapshot","snapshot/mixed/1000/run2/mount","1","847.2","847.2","866.6","866.6","2","801","",""
"snapshot","snapshot/mixed/1000/run2/pointerdown","1","290.9","290.9","344.4","344.4","1","0.7","289.7",""
"snapshot","snapshot/mixed/1000/run2/drag-with-snap","60","0.2","2.2","44.3","44.5","0","3.7","",""
"snapshot","snapshot/mixed/1000/run2/drag-commit","1","1026.1","1026.1","1777.8","1777.8","1","0.1","434.3","1026"
"snapshot","snapshot/mixed/1000/run2/unmount","1","66","66","66.5","66.5","1","","",""
"snapshot","snapshot/mixed-url/1000/run3/mount","1","764.9","764.9","783.3","783.3","3","956.8","",""
"snapshot","snapshot/mixed-url/1000/run3/pointerdown","1","3.4","3.4","61","61","1","0.2","2.4",""
"snapshot","snapshot/mixed-url/1000/run3/drag-with-snap","60","0.2","1","39","50","0","3.4","",""
"snapshot","snapshot/mixed-url/1000/run3/drag-commit","1","1.5","1.5","22.2","22.2","0","0","2.2","1.2"
"snapshot","snapshot/mixed-url/1000/run3/unmount","1","47.3","47.3","50","50","1","","",""
"snapshot","snapshot/mixed/1000/run3/mount","1","1058.4","1058.4","1072.1","1072.1","2","922.2","",""
"snapshot","snapshot/mixed/1000/run3/pointerdown","1","313.1","313.1","388.9","388.9","1","0.1","312.4",""
"snapshot","snapshot/mixed/1000/run3/drag-with-snap","60","0.5","1.6","50","483.3","2","4.2","",""
"snapshot","snapshot/mixed/1000/run3/drag-commit","1","1092.2","1092.2","1499.9","1499.9","1","0.1","376.7","1092"
"snapshot","snapshot/mixed/1000/run3/unmount","1","62.2","62.2","61.2","61.2","1","","",""
"stress","stress/dense/10000/dpr1/run1/cold","1","117.4","117.4","116.7","116.7","1","52.7","",""
"stress","stress/dense/10000/dpr1/run1/zoom-crossing","1","57.3","57.3","55.4","55.4","1","56.9","",""
"stress","stress/dense/10000/dpr1/run1/warm-pan","45","1.8","8.8","5.7","5.7","0","1.8","",""
"stress","stress/effects/1000/dpr1/run1/cold","1","43.7","43.7","44.3","44.3","0","36.6","",""
"stress","stress/effects/1000/dpr1/run1/zoom-crossing","1","44.6","44.6","44.4","44.4","0","44.4","",""
"stress","stress/effects/1000/dpr1/run1/warm-pan","45","0.5","3.4","5.6","5.7","0","0.4","",""
"stress","stress/mixed-url/1000/dpr1/run1/cold","1","24.6","24.6","22.2","22.2","0","25.8","",""
"stress","stress/mixed-url/1000/dpr1/run1/zoom-crossing","1","43.3","43.3","44.5","44.5","0","43.1","",""
"stress","stress/mixed-url/1000/dpr1/run1/warm-pan","45","0.5","3.2","5.7","5.7","0","0.4","",""
"stress","stress/group/5000/dpr1/run1/drag","30","80.5","178.8","77.7","177.7","30","45.4","",""
"stress","stress/dense/10000/dpr1/run2/cold","1","111.5","111.5","116.5","116.5","1","57.9","",""
"stress","stress/dense/10000/dpr1/run2/zoom-crossing","1","61.8","61.8","61","61","1","61.7","",""
"stress","stress/dense/10000/dpr1/run2/warm-pan","45","2","4.7","5.6","5.7","0","2","",""
"stress","stress/effects/1000/dpr1/run2/cold","1","45.5","45.5","44.5","44.5","0","38.3","",""
"stress","stress/effects/1000/dpr1/run2/zoom-crossing","1","46.4","46.4","44.5","44.5","0","46.2","",""
"stress","stress/effects/1000/dpr1/run2/warm-pan","45","0.6","4","5.7","5.7","0","0.5","",""
"stress","stress/mixed-url/1000/dpr1/run2/cold","1","28","28","27.8","27.8","0","23.3","",""
"stress","stress/mixed-url/1000/dpr1/run2/zoom-crossing","1","29","29","27.8","27.8","0","28.8","",""
"stress","stress/mixed-url/1000/dpr1/run2/warm-pan","45","0.8","6","5.7","5.7","0","0.6","",""
"stress","stress/group/5000/dpr1/run2/drag","30","79.5","139.2","83.3","138.9","27","38.3","",""
"stress","stress/dense/10000/dpr1/run3/cold","1","96.1","96.1","94.5","94.5","1","47.7","",""
"stress","stress/dense/10000/dpr1/run3/zoom-crossing","1","56.2","56.2","55.5","55.5","1","56.2","",""
"stress","stress/dense/10000/dpr1/run3/warm-pan","45","1.8","3.7","5.6","5.7","0","1.7","",""
"stress","stress/effects/1000/dpr1/run3/cold","1","39.4","39.4","38.9","38.9","0","34.7","",""
"stress","stress/effects/1000/dpr1/run3/zoom-crossing","1","40.4","40.4","38.9","38.9","0","40.4","",""
"stress","stress/effects/1000/dpr1/run3/warm-pan","45","0.5","3.2","5.6","5.7","0","0.5","",""
"stress","stress/mixed-url/1000/dpr1/run3/cold","1","25.2","25.2","22.1","22.1","0","25","",""
"stress","stress/mixed-url/1000/dpr1/run3/zoom-crossing","1","42.6","42.6","38.9","38.9","0","42.4","",""
"stress","stress/mixed-url/1000/dpr1/run3/warm-pan","45","0.6","3","5.7","5.7","0","0.5","",""
"stress","stress/group/5000/dpr1/run3/drag","30","80.5","94","77.8","94.4","23","38.1","",""
"stress","stress/dense/10000/dpr2/run1/cold","1","111.5","111.5","111","111","1","64.7","",""
"stress","stress/dense/10000/dpr2/run1/zoom-crossing","1","88.9","88.9","88.8","88.8","1","88.7","",""
"stress","stress/dense/10000/dpr2/run1/warm-pan","45","1.9","7.4","5.7","11","0","1.8","",""
"stress","stress/effects/1000/dpr2/run1/cold","1","66.7","66.7","66.6","66.6","1","59.3","",""
"stress","stress/effects/1000/dpr2/run1/zoom-crossing","1","105.4","105.4","105.5","105.5","1","105.2","",""
"stress","stress/effects/1000/dpr2/run1/warm-pan","45","0.7","10.6","5.6","11.1","0","0.6","",""
"stress","stress/mixed-url/1000/dpr2/run1/cold","1","44.8","44.8","44.5","44.5","0","39.9","",""
"stress","stress/mixed-url/1000/dpr2/run1/zoom-crossing","1","74.4","74.4","72.2","72.2","1","74.3","",""
"stress","stress/mixed-url/1000/dpr2/run1/warm-pan","45","0.7","5.3","5.6","5.7","0","0.6","",""
"stress","stress/group/5000/dpr2/run1/drag","30","77.5","116.2","77.8","116.7","29","45.7","",""
"stress","stress/dense/10000/dpr2/run2/cold","1","105.8","105.8","105.5","105.5","1","57.9","",""
"stress","stress/dense/10000/dpr2/run2/zoom-crossing","1","103.9","103.9","100","100","1","103.7","",""
"stress","stress/dense/10000/dpr2/run2/warm-pan","45","1.9","7.5","5.6","5.7","0","1.8","",""
"stress","stress/effects/1000/dpr2/run2/cold","1","65.1","65.1","61.1","61.1","1","59.4","",""
"stress","stress/effects/1000/dpr2/run2/zoom-crossing","1","112.8","112.8","111","111","1","112.7","",""
"stress","stress/effects/1000/dpr2/run2/warm-pan","45","0.7","10.3","5.6","11.1","0","0.6","",""
"stress","stress/mixed-url/1000/dpr2/run2/cold","1","48.7","48.7","44.4","44.4","1","42.3","",""
"stress","stress/mixed-url/1000/dpr2/run2/zoom-crossing","1","78.9","78.9","77.7","77.7","1","78.8","",""
"stress","stress/mixed-url/1000/dpr2/run2/warm-pan","45","0.8","6.7","5.6","5.7","0","0.7","",""
"stress","stress/group/5000/dpr2/run2/drag","30","86.3","158.4","88.9","155.6","30","41.9","",""
"stress","stress/dense/10000/dpr2/run3/cold","1","107.3","107.3","105.5","105.5","1","60.7","",""
"stress","stress/dense/10000/dpr2/run3/zoom-crossing","1","88.2","88.2","83.4","83.4","1","88","",""
"stress","stress/dense/10000/dpr2/run3/warm-pan","45","1.6","7.8","5.7","5.7","0","1.5","",""
"stress","stress/effects/1000/dpr2/run3/cold","1","62.8","62.8","61.1","61.1","1","58.3","",""
"stress","stress/effects/1000/dpr2/run3/zoom-crossing","1","106.5","106.5","105.6","105.6","1","106.4","",""
"stress","stress/effects/1000/dpr2/run3/warm-pan","45","0.8","10.7","5.7","11.2","0","0.7","",""
"stress","stress/mixed-url/1000/dpr2/run3/cold","1","46.8","46.8","44.4","44.4","0","39.7","",""
"stress","stress/mixed-url/1000/dpr2/run3/zoom-crossing","1","82.5","82.5","83.3","83.3","1","82.4","",""
"stress","stress/mixed-url/1000/dpr2/run3/warm-pan","45","0.6","9.2","5.7","11","0","0.5","",""
"stress","stress/group/5000/dpr2/run3/drag","30","98.1","197.9","99.8","199.9","30","50.5","",""
"empty","editor/empty/0/run1/mount","1","389.5","389.5","455.5","455.5","2","20.1","",""
"empty","editor/empty/0/run1/idle","45","0.1","0.2","5.9","16.9","0","","",""
"empty","editor/empty/0/run1/native-scroll-pan","60","0.4","0.5","50","61.2","1","4.6","",""
"empty","editor/empty/0/run1/wheel-zoom","60","0.5","9.8","77.9","127.8","28","2.7","",""
"empty","editor/empty/0/run1/hover","60","0.6","1.8","5.6","5.7","0","","",""
"empty","editor/empty/0/run1/marquee","45","0.4","2","27.8","28.1","0","0.2","",""
"empty","editor/empty/0/run1/select-all","1","0.5","0.5","11.1","11.1","0","0.1","",""
"empty","editor/empty/0/run1/selected-idle","30","0","0","5.7","5.7","0","","",""
"empty","editor/empty/0/run1/unmount","1","86.2","86.2","83.4","83.4","1","","",""
"empty","editor/empty/0/run2/mount","1","144.7","144.7","155.6","155.6","1","8.6","",""
"empty","editor/empty/0/run2/idle","45","0","0.1","5.6","5.7","0","","",""
"empty","editor/empty/0/run2/native-scroll-pan","60","0.2","0.7","33.4","38.8","0","5.1","",""
"empty","editor/empty/0/run2/wheel-zoom","60","1","16.3","66.6","94.5","8","2","",""
"empty","editor/empty/0/run2/hover","60","0.6","0.7","5.6","5.7","0","","",""
"empty","editor/empty/0/run2/marquee","45","0.3","1.8","16.7","16.8","0","0.2","",""
"empty","editor/empty/0/run2/select-all","1","0.5","0.5","11.1","11.1","0","0","",""
"empty","editor/empty/0/run2/selected-idle","30","0.1","0.2","5.6","5.6","0","","",""
"empty","editor/empty/0/run2/unmount","1","59.6","59.6","61","61","1","","",""
"empty","editor/empty/0/run3/mount","1","138.9","138.9","150","150","1","8.8","",""
"empty","editor/empty/0/run3/idle","45","0","0.1","5.6","5.7","0","","",""
"empty","editor/empty/0/run3/native-scroll-pan","60","0.3","5.6","39","55.6","0","4.7","",""
"empty","editor/empty/0/run3/wheel-zoom","60","0.7","1.2","72.2","94.5","15","2.2","",""
"empty","editor/empty/0/run3/hover","60","0.5","0.7","5.6","5.7","0","","",""
"empty","editor/empty/0/run3/marquee","45","0.6","2","22.3","27.8","0","0.2","",""
"empty","editor/empty/0/run3/select-all","1","0.4","0.4","5.6","5.6","0","0.1","",""
"empty","editor/empty/0/run3/selected-idle","30","0.1","0.1","5.7","5.7","0","","",""
"empty","editor/empty/0/run3/unmount","1","53.7","53.7","55.7","55.7","1","","",""
