"suite","phase","samples","before_同步 p95_ms","after_同步 p95_ms","before_rAF p95_ms","after_rAF p95_ms","before_rAF max_ms","after_rAF max_ms","before_总时长_ms","after_总时长_ms","completion_tail_ms","long_tasks"
"engine","baseline/idle","120","0.1","0.1","5.7","5.6","5.7","5.7","688.7","688.8","0.1","0"
"engine","warmup/100/cold","1","11.2","6.4","11.1","5.5","11.1","5.5","33.2","27.6","0","0"
"engine","warmup/100/warm-pan","45","0.6","0.6","5.7","5.7","6.1","5.7","271.9","272.2","0.2","0"
"engine","warmup/100/new-region-pan","45","3.1","1.1","5.6","5.6","5.7","5.8","272","272.1","0.1","0"
"engine","warmup/100/zoom-0.75-to-1.5","45","0.5","1","5.6","5.8","16.7","22.3","283.2","300","0.1","0"
"engine","warmup/100/leaf-drag","45","1.5","1.5","5.6","5.7","5.7","5.7","272.1","272.1","0","0"
"engine","dense/1000/cold","1","14.8","15.2","11.1","11.1","11.1","11.1","33.2","33.2","0.1","0"
"engine","dense/1000/warm-pan","45","0.8","0.5","5.6","5.6","5.7","5.7","272.1","272.2","0.1","0"
"engine","dense/1000/new-region-pan","45","2.7","0.9","5.7","5.6","5.7","5.7","272.1","272.2","0.1","0"
"engine","dense/1000/zoom-0.75-to-1.5","45","0.6","0.6","5.7","5.6","16.5","5.7","283.4","272.1","0","0"
"engine","dense/1000/leaf-drag","45","3.1","2.6","5.6","5.7","5.7","5.7","272.2","272.2","0","0"
"engine","dense/1000/leaf-resize","45","3.6","1.6","5.7","5.7","5.7","5.7","271.6","272.1","0.1","0"
"engine","dense/1000/hit-test-100-per-frame","30","0.7","0.8","5.6","5.7","5.6","5.7","189","188.9","0.1","0"
"engine","dense/1000/marquee-query","45","0.4","0.4","5.6","5.6","5.7","5.6","272","272.2","0.1","0"
"engine","dense/1000/selection-overlay-1000","45","0.2","0.4","5.6","5.6","5.7","5.7","272","272","0.1","0"
"engine","spread/1000/cold","1","8.2","8.5","5.6","5.5","5.6","5.5","27.6","27.7","0.1","0"
"engine","spread/1000/warm-pan","45","0.4","0.4","5.6","5.7","5.8","5.7","272.2","272.1","0","0"
"engine","spread/1000/new-region-pan","45","3.5","2.8","5.6","5.7","5.7","5.7","272.1","272.1","0","0"
"engine","spread/1000/zoom-0.75-to-1.5","45","0.6","0.7","5.7","5.7","11","22.2","277.4","288.8","0","0"
"engine","spread/1000/leaf-drag","45","1.3","1.2","5.7","5.6","5.7","5.7","272.5","272.1","0.1","0"
"engine","dense/5000/cold","1","39.9","33.9","38.9","33.5","38.9","33.5","62.7","61.1","0.1","0"
"engine","dense/5000/warm-pan","45","1.1","0.5","5.6","5.6","5.7","5.7","271.9","272.1","0.1","0"
"engine","dense/5000/new-region-pan","45","2.7","1.1","5.7","5.6","5.7","5.6","272","272.2","0","0"
"engine","dense/5000/zoom-0.75-to-1.5","45","1.2","1.5","5.7","5.7","27.7","16.6","294.2","283.3","0.1","0"
"engine","dense/5000/leaf-drag","45","4.1","4.7","5.7","5.6","5.7","5.8","272","272.2","0.1","0"
"engine","dense/5000/leaf-resize","45","3.5","3.3","5.6","5.7","5.7","5.7","272.2","272.1","0","0"
"engine","dense/5000/hit-test-100-per-frame","30","1.5","1.8","5.7","5.7","5.7","5.7","188.8","188.8","0","0"
"engine","dense/5000/marquee-query","45","0.9","0.9","5.6","5.6","5.7","5.7","272.6","272.1","0.2","0"
"engine","dense/5000/selection-overlay-1000","45","0.1","0.4","5.7","5.6","5.7","5.7","272","272.1","0.1","0"
"engine","spread/5000/cold","1","19.9","23.9","16.7","22.2","16.7","22.2","38.6","44.3","0.1","0"
"engine","spread/5000/warm-pan","45","0.4","0.4","5.7","5.7","5.7","5.7","272.1","272.2","0.1","0"
"engine","spread/5000/new-region-pan","45","3.4","2.4","5.6","5.6","5.7","5.7","272","276.7","0.1","0"
"engine","spread/5000/zoom-0.75-to-1.5","45","0.5","0.6","5.7","5.7","11.1","5.7","283.2","272.1","0.1","0"
"engine","spread/5000/leaf-drag","45","1.7","1.8","5.7","5.6","5.7","5.7","272.2","272.2","0.1","0"
"engine","dense/10000/cold","1","79.6","53.5","77.7","50.1","77.7","50.1","103.6","96","2","1"
"engine","dense/10000/warm-pan","45","1.6","0.6","5.7","5.6","5.7","5.7","272","272.2","0","0"
"engine","dense/10000/new-region-pan","45","4.1","1","5.6","5.7","5.7","5.7","272.2","272.3","0.1","0"
"engine","dense/10000/zoom-0.75-to-1.5","45","1.5","6.8","5.7","11.1","61.2","16.6","327.4","294.4","0","0"
"engine","dense/10000/leaf-drag","45","7.6","7.2","11.2","11.1","11.2","16.7","338.6","294.3","0","0"
"engine","dense/10000/leaf-resize","45","6.4","7.5","11","11.1","11.1","11.2","294.3","294.4","0","0"
"engine","dense/10000/hit-test-100-per-frame","30","2.6","4.1","5.6","5.7","5.7","5.9","189.1","188.6","0","0"
"engine","dense/10000/marquee-query","45","1.4","2.3","5.6","5.6","5.7","5.7","271.9","272.2","0.1","0"
"engine","dense/10000/selection-overlay-1000","45","0.1","0.4","5.7","5.6","5.7","5.7","272.2","272.1","0","0"
"engine","spread/10000/cold","1","26.8","47","27.7","44.5","27.7","44.5","49.9","64.9","0.1","0"
"engine","spread/10000/warm-pan","45","0.5","0.5","5.6","5.6","5.7","5.7","272","272","0","0"
"engine","spread/10000/new-region-pan","45","3.1","2.2","5.6","5.7","5.7","5.7","272","272.1","0","0"
"engine","spread/10000/zoom-0.75-to-1.5","45","0.5","0.6","5.6","5.7","11.1","11.1","277.9","277.7","0","0"
"engine","spread/10000/leaf-drag","45","2.4","2.2","5.6","5.6","5.7","5.7","271.9","272.1","0.1","0"
"engine","text/1000/cold","1","24.3","11.8","22.3","11.1","22.3","11.1","44.4","36","0.1","0"
"engine","text/1000/warm-pan","45","0.4","0.5","5.6","5.6","5.7","5.7","272.2","272.1","0.1","0"
"engine","text/1000/new-region-pan","45","9.8","8.4","11","5.6","11.2","11.1","288.7","277.6","0.1","0"
"engine","text/1000/zoom-0.75-to-1.5","45","0.4","0.6","5.7","5.7","33.4","16.7","299.8","283.1","0.1","0"
"engine","text/1000/leaf-drag","45","2.5","1.2","5.6","5.6","5.8","5.6","272","272.1","0","0"
"engine","images/1000/cold","1","18.4","8.3","22.2","11.1","22.2","11.1","138.7","115.3","28.4","0"
"engine","images/1000/warm-pan","45","0.4","0.4","5.6","5.6","5.7","5.7","272.1","272.1","0","0"
"engine","images/1000/new-region-pan","45","11.1","8.9","11.1","11.1","11.2","22.3","305.6","303.5","0","0"
"engine","images/1000/zoom-0.75-to-1.5","45","0.5","8","5.7","16.7","77.8","22.3","349.9","327.8","0","0"
"engine","images/1000/leaf-drag","45","2.7","1.2","5.7","5.6","5.7","5.7","272","272.1","0","0"
"engine","effects/1000/cold","1","39.3","10.6","38.9","11.1","38.9","11.1","61","49.8","0.1","0"
"engine","effects/1000/warm-pan","45","0.4","0.5","5.6","5.6","5.7","5.7","272.2","272.2","0.1","0"
"engine","effects/1000/new-region-pan","45","16.3","15","16.6","16.6","16.7","16.8","372","338.9","0.1","0"
"engine","effects/1000/zoom-0.75-to-1.5","45","0.6","0.6","5.7","5.6","44.4","50","322","316.6","0","0"
"engine","effects/1000/leaf-drag","45","3.9","1.6","5.7","5.6","5.7","5.7","272.2","272.3","0.1","0"
"engine","path/1000/cold","1","15.3","7.4","11.1","5.5","11.1","5.5","33","27.7","0","0"
"engine","path/1000/warm-pan","45","0.3","0.4","5.6","5.6","5.7","5.7","272.4","272","0","0"
"engine","path/1000/new-region-pan","45","4.2","2.1","5.6","5.7","5.7","5.7","273.7","272.1","0","0"
"engine","path/1000/zoom-0.75-to-1.5","45","0.5","0.6","5.6","5.6","27.7","11.2","294.2","277.7","0","0"
"engine","path/1000/leaf-drag","45","1.7","1.1","5.6","5.6","5.7","5.7","271.9","272.1","0.1","0"
"engine","mixed/1000/cold","1","28.7","11","27.7","11.1","27.7","11.1","72.1","50","0.1","0"
"engine","mixed/1000/warm-pan","45","0.4","0.5","5.6","5.7","5.7","5.7","272.2","272.1","0.1","0"
"engine","mixed/1000/new-region-pan","45","12.4","10","11.2","11.1","11.2","11.2","322.2","288.8","0","0"
"engine","mixed/1000/zoom-0.75-to-1.5","45","0.6","0.9","5.7","16.6","38.8","22.1","304.9","316.6","0","0"
"engine","mixed/1000/leaf-drag","45","2","1.4","5.7","5.6","5.7","5.7","272.1","272","0","0"
"engine","mixed/1000/leaf-resize","45","1.6","1.1","5.6","5.6","5.7","5.7","272","272.1","0","0"
"engine","mixed/1000/hit-test-100-per-frame","30","0.4","0.5","5.6","5.6","5.6","5.6","188.8","188.8","0.1","0"
"engine","mixed/1000/marquee-query","45","0.2","0.1","5.7","5.6","5.7","5.7","272.3","272.1","0","0"
"engine","mixed/1000/selection-overlay-1000","45","0.1","0.3","5.6","5.6","5.7","5.6","272","272.1","0","0"
"engine","components/1000/cold","1","30.3","22.5","27.8","22.2","27.8","22.2","50","48.6","0.1","0"
"engine","components/1000/warm-pan","45","0.4","0.4","5.6","5.7","5.7","5.7","272.3","272.1","0","0"
"engine","components/1000/new-region-pan","45","10.4","6.6","11.1","5.7","11.3","16.6","299.8","288.7","0","0"
"engine","components/1000/zoom-0.75-to-1.5","45","0.5","0.6","5.6","5.7","27.8","16.7","294.4","289","0.1","0"
"engine","components/1000/leaf-drag","45","7.1","10","11.1","11.2","11.2","11.2","294.2","390.6","0","0"
"engine","canvas2d/10000/cold","1","62.7","66.3","61.2","66.7","61.2","66.7","83.3","141.6","35.4","1"
"engine","canvas2d/10000/warm-pan","45","1.6","0.6","5.6","5.6","5.7","5.6","272","272.3","0.1","0"
"engine","canvas2d/10000/new-region-pan","45","1.2","0.9","5.7","5.6","11.3","5.7","277.5","272.3","0.1","0"
"engine","canvas2d/10000/zoom-0.75-to-1.5","45","1.4","6.9","5.6","11","27.7","16.7","294.2","294.3","0","0"
"engine","canvas2d/10000/leaf-drag","45","5.7","6","5.7","11.1","11.2","16.6","277.7","299.9","0.1","0"
"engine","overlap/1000/cold","1","17.6","8.8","16.7","5.7","16.7","5.7","38.7","27.8","0.1","0"
"engine","overlap/1000/warm-pan","45","0.5","0.4","5.7","5.7","5.7","5.7","272","272.1","0","0"
"engine","overlap/1000/new-region-pan","45","3.3","0.9","5.6","5.7","5.7","5.7","272.2","272","0","0"
"engine","overlap/1000/zoom-0.75-to-1.5","45","0.7","0.7","5.7","5.6","44.5","22.2","311","294.4","0.1","0"
"engine","overlap/1000/leaf-drag","45","8.7","4.3","11.2","11.1","11.4","11.2","399.8","333.2","0","0"
"engine","overlap/1000/leaf-resize","45","9.7","4.7","11.3","11.2","16.7","11.3","428.1","386.4","0.1","0"
"engine","overlap/1000/hit-test-100-per-frame","30","0.8","0.9","5.7","5.6","5.7","5.6","188.8","188.8","0","0"
"engine","overlap/1000/marquee-query","45","0.3","0.2","5.7","5.6","5.7","5.7","272.2","272.3","0","0"
"engine","overlap/1000/selection-overlay-1000","45","0.1","0.3","5.7","5.6","5.7","5.7","272","272.1","0","0"
"engine","group/1000/subtree-drag","45","17.8","17.2","22.1","16.8","38.8","50","591.3","611.4","0","0"
"engine","group/5000/subtree-drag","45","94.2","73.1","94.4","83.4","100","122.1","2400.6","2495.5","0","20"
"engine","local-project/0/40/cold","1","19.2","8.1","16.6","5.6","16.6","5.6","33.3","27.7","0","0"
"engine","local-project/0/40/warm-pan","45","0.5","0.5","5.6","5.6","5.7","5.6","272.3","272.2","0","0"
"engine","local-project/0/40/new-region-pan","45","3.6","1.8","5.6","5.6","5.7","5.7","271.9","272.1","0","0"
"engine","local-project/0/40/zoom-0.75-to-1.5","45","0.5","0.6","5.7","5.7","38.9","11.2","310.9","283.1","0","0"
"engine","local-project/0/40/leaf-drag","45","3.3","2.4","5.6","5.6","5.7","5.7","272.1","272.2","0.1","0"
"engine","local-project/0/40/leaf-resize","45","3.5","2.3","5.6","5.7","5.7","5.7","271.9","272.3","0","0"
"engine","local-project/0/40/hit-test-100-per-frame","30","0.3","0.5","5.7","5.6","5.7","5.7","188.9","188.9","0","0"
"engine","local-project/0/40/marquee-query","45","0.1","0.1","5.7","5.6","5.7","5.7","272.3","272.2","0","0"
"engine","local-project/0/40/selection-overlay-1000","45","0.1","0.1","5.7","5.6","5.7","5.7","272.3","272","0","0"
"engine","local-project/1/22/cold","1","26.7","8.2","22.1","5.5","22.1","5.5","44","34.4","0","0"
"engine","local-project/1/22/warm-pan","45","0.4","0.5","5.7","5.6","5.8","5.7","272.3","272.2","0.1","0"
"engine","local-project/1/22/new-region-pan","45","3.6","1.2","5.6","5.7","5.7","5.7","272","272.2","0.1","0"
"engine","local-project/1/22/zoom-0.75-to-1.5","45","0.4","0.6","5.7","5.7","33.2","11.2","299.9","283.3","0.1","0"
"engine","local-project/1/22/leaf-drag","45","3.6","2","5.7","5.6","5.7","5.7","272.1","272.1","0","0"
"engine","local-project/1/22/leaf-resize","45","3.7","1.9","5.6","5.6","5.7","5.7","272","272.2","0","0"
"engine","local-project/1/22/hit-test-100-per-frame","30","0.4","0.7","5.7","5.7","5.7","22.2","188.9","205.5","0","0"
"engine","local-project/1/22/marquee-query","45","0.2","0.1","5.6","5.6","5.7","5.7","272.1","271.8","0","0"
"engine","local-project/1/22/selection-overlay-1000","45","0.1","0.1","5.6","5.6","5.7","5.7","272.3","272","0","0"
"engine","local-project/2/23/cold","1","51.8","18","49.9","16.7","49.9","16.7","72","59.7","0.1","0"
"engine","local-project/2/23/warm-pan","45","0.5","0.5","5.6","5.6","5.7","5.6","273.7","272","0.1","0"
"engine","local-project/2/23/new-region-pan","45","15.8","2.3","11.1","5.6","22.3","5.7","311.1","272.2","0","0"
"engine","local-project/2/23/zoom-0.75-to-1.5","45","1.6","1","5.7","5.7","38.8","16.6","321.9","288.9","0","0"
"engine","local-project/2/23/leaf-drag","45","8.1","1.5","5.7","5.7","11.2","5.7","277.5","272.1","0","0"
"engine","local-project/2/23/leaf-resize","45","7.2","1.5","5.7","5.6","22.2","5.7","294.4","272.1","0","0"
"engine","local-project/2/23/hit-test-100-per-frame","30","0.7","0.3","5.7","5.7","5.7","5.7","188.8","188.5","0","0"
"engine","local-project/2/23/marquee-query","45","0.1","0.1","5.7","5.6","5.7","5.6","272.5","272.3","0.1","0"
"engine","local-project/2/23/selection-overlay-1000","45","0.1","0.1","5.6","5.7","11.1","5.7","277.7","272.1","0","0"
"engine","local-project/3/40/cold","1","23.2","8.6","22.2","5.5","22.2","5.5","44.4","33.8","0.1","0"
"engine","local-project/3/40/warm-pan","45","0.4","0.5","5.6","5.6","5.7","5.6","271.9","272","0","0"
"engine","local-project/3/40/new-region-pan","45","2.9","0.9","5.7","5.6","5.7","5.6","272.1","272.2","0.1","0"
"engine","local-project/3/40/zoom-0.75-to-1.5","45","0.7","0.7","5.7","5.7","27.7","11.1","294.3","283.3","0.1","0"
"engine","local-project/3/40/leaf-drag","45","8.6","1.9","5.7","5.6","11.2","5.7","283.3","272.1","0","0"
"engine","local-project/3/40/leaf-resize","45","4.1","1.7","5.6","5.6","5.7","5.7","272.2","272.2","0.1","0"
"engine","local-project/3/40/hit-test-100-per-frame","30","0.6","0.3","5.6","5.6","5.8","5.6","189","188.8","0.1","0"
"engine","local-project/3/40/marquee-query","45","0.1","0.1","5.6","5.6","5.7","5.7","272.2","272.1","0","0"
"engine","local-project/3/40/selection-overlay-1000","45","0.1","0.1","5.6","5.6","5.7","5.6","271.8","272.1","0","0"
"editor","editor/local/40/mount","1","558.7","138","611.1","150","611.1","150","1101.1","232.2","0.2","1"
"editor","editor/local/40/idle","45","0.1","0","5.6","5.7","5.7","5.7","268.8","271.6","0","0"
"editor","editor/local/40/native-scroll-pan","60","0.6","1.1","72.2","5.6","105.6","5.7","3069.3","355.8","0.1","0"
"editor","editor/local/40/wheel-zoom","60","3","1.4","177.9","11.1","205.6","16.7","6619.1","449.9","0.1","0"
"editor","editor/local/40/hover","60","3.3","0.5","50.1","11.2","66.8","11.3","2064.4","510.5","0.2","0"
"editor","editor/local/40/pointerdown","1","2.9","1","205.6","33.4","205.6","33.4","257","55.5","0.1","0"
"editor","editor/local/40/drag-with-snap","60","0.4","0.1","116.7","5.7","166.6","16.6","3923","367.3","0.2","0"
"editor","editor/local/40/drag-commit","1","0.5","4.9","38.8","16.7","38.8","16.7","64.9","65.2","0.2","0"
"editor","editor/local/40/drag-without-snap","60","2.3","0.1","77.8","5.8","94.5","16.6","3169.1","378.4","0.1","0"
"editor","editor/local/40/resize","60","0.2","0.2","72.2","22","72.3","22.4","3164","957.1","0.1","0"
"editor","editor/local/40/undo","1","2.8","0.9","77.8","16.8","77.8","16.8","152.3","40.1","0.1","0"
"editor","editor/local/40/redo","1","3.3","0.5","33.3","5.6","33.3","5.6","127.4","33.1","0.1","0"
"editor","editor/local/40/marquee","45","0.9","0.7","122.2","5.6","238.8","22.3","3224.8","288.3","0","0"
"editor","editor/local/40/select-all","1","2.9","0.5","149.9","22.3","149.9","22.3","181.9","44.4","0.1","0"
"editor","editor/local/40/selected-idle","30","0.1","0","5.6","5.7","5.6","5.8","183.8","188.8","0","0"
"editor","editor/local/40/text-enter","1","1.1","0.6","27.7","11","27.7","11","64.8","33.5","0.1","0"
"editor","editor/local/40/text-input","45","57.7","8.1","77.7","11.2","116.7","16.6","2117.2","477.6","0.1","0"
"editor","editor/local/40/text-commit","1","2","0.7","33.3","5.6","33.3","5.6","64.8","27.7","0.1","0"
"editor","editor/local/40/unmount","1","217","21.7","216.6","22.2","216.6","22.2","235","44.4","0","0"
"editor","editor/mixed-url/100/mount","1","422.2","57.4","455.7","77.8","455.7","77.8","863.5","153.7","0.1","1"
"editor","editor/mixed-url/100/idle","45","0","0","5.7","5.6","5.7","5.7","270.5","272.2","0","0"
"editor","editor/mixed-url/100/native-scroll-pan","60","0.5","1.4","144.5","5.7","255.5","11.1","4185.8","366.7","0","0"
"editor","editor/mixed-url/100/wheel-zoom","60","1","1.2","127.8","11.1","261","22.2","5432.9","455.6","0.1","0"
"editor","editor/mixed-url/100/hover","60","2.3","0.7","55.5","11.1","111.1","22.2","2202.8","410.9","0.2","0"
"editor","editor/mixed-url/100/pointerdown","1","4.7","0.6","100","16.7","100","16.7","133.1","38.7","0.1","0"
"editor","editor/mixed-url/100/drag-with-snap","60","0.2","0.1","77.6","5.6","111.2","11.1","3098","361.6","0","0"
"editor","editor/mixed-url/100/drag-commit","1","0.4","4","38.9","11.2","38.9","11.2","61.1","39","0.1","0"
"editor","editor/mixed-url/100/drag-without-snap","60","0.8","0.1","127.8","5.6","294.5","11.1","3901","363","0","0"
"editor","editor/mixed-url/100/resize","60","0.3","0.2","77.9","16.7","94.4","16.8","3107.5","812.3","0.1","0"
"editor","editor/mixed-url/100/undo","1","1","0.5","66.6","11","66.6","11","182.2","35.8","0.1","0"
"editor","editor/mixed-url/100/redo","1","1","0.4","22.2","11.1","22.2","11.1","171","33.4","0","0"
"editor","editor/mixed-url/100/marquee","45","1.1","0.2","61.2","11.2","94.4","16.7","1734","370.3","0.1","0"
"editor","editor/mixed-url/100/select-all","1","0.6","0.3","99.8","22.1","99.8","22.1","131.3","44.4","0","0"
"editor","editor/mixed-url/100/selected-idle","30","0.1","0","5.7","5.7","5.7","5.7","184.7","189.1","0.1","0"
"editor","editor/mixed-url/100/text-enter","1","0.5","0.4","55.6","5.5","55.6","5.5","106.3","27.8","0.1","0"
"editor","editor/mixed-url/100/text-input","45","67.5","8.7","122.2","11.2","211.1","16.6","2520.4","505.5","0.1","0"
"editor","editor/mixed-url/100/text-commit","1","1.1","0.6","27.8","5.6","27.8","5.6","57.3","27.5","0","0"
"editor","editor/mixed-url/100/unmount","1","95.9","21.8","99.9","22.3","99.9","22.3","122.1","44.2","0","0"
"editor","editor/mixed-url/1000/mount","1","2034.1","57.5","2105.5","83.5","2105.5","83.5","4181.2","487","301.4","1"
"editor","editor/mixed-url/1000/idle","45","0.1","0","5.6","5.7","11.1","5.7","273.2","272.3","0.2","0"
"editor","editor/mixed-url/1000/native-scroll-pan","60","0.6","1.4","94.5","5.7","133.3","11.2","3645.1","372.3","0.2","0"
"editor","editor/mixed-url/1000/wheel-zoom","60","1.6","1.2","150","16.6","388.9","16.7","6430.3","505.8","0.1","0"
"editor","editor/mixed-url/1000/hover","60","3.2","0.6","61.1","11.2","94.5","16.6","2161.3","450","0.1","0"
"editor","editor/mixed-url/1000/pointerdown","1","4.1","0.6","72.2","16.7","72.2","16.7","107.2","38.9","0","0"
"editor","editor/mixed-url/1000/drag-with-snap","60","0.3","0.1","100","5.6","105.6","11.1","3537.3","361.6","0","0"
"editor","editor/mixed-url/1000/drag-commit","1","2.3","3.9","55.6","11.1","55.6","11.1","93.2","35.9","0","0"
"editor","editor/mixed-url/1000/drag-without-snap","60","0.4","0.1","83.4","5.7","100.1","11.1","3410.3","361","0","0"
"editor","editor/mixed-url/1000/resize","60","1.2","0.1","88.9","16.7","111.2","16.8","3491.3","790.5","0.1","0"
"editor","editor/mixed-url/1000/undo","1","5.8","0.4","94.4","11.2","94.4","11.2","190.8","38.6","0","0"
"editor","editor/mixed-url/1000/redo","1","8.3","0.4","133.3","5.6","133.3","5.6","206.9","29","0","0"
"editor","editor/mixed-url/1000/marquee","45","0.7","0.2","50","11.2","83.3","33.2","1519.4","471.9","0.1","0"
"editor","editor/mixed-url/1000/select-all","1","1.1","0.7","66.8","16.7","66.8","16.7","94.7","44.6","0","0"
"editor","editor/mixed-url/1000/selected-idle","30","0","0","5.6","5.6","5.7","5.6","186.1","189","0.1","0"
"editor","editor/mixed-url/1000/text-enter","1","0.7","0.5","27.8","5.5","27.8","5.5","59.3","28","0.1","0"
"editor","editor/mixed-url/1000/text-input","45","28.1","7.4","38.9","11.2","44.4","16.7","1449.5","488.9","0.1","0"
"editor","editor/mixed-url/1000/text-commit","1","1","0.6","28","5.6","28","5.6","58.7","27.8","0","0"
"editor","editor/mixed-url/1000/unmount","1","76.6","17.8","77.7","22.1","77.7","22.1","97.8","39.9","0","0"
"editor","editor/mixed-url/5000/mount","1","4612.1","76.6","4627.5","94.4","4627.5","94.4","8478.4","1243","1030.7","4"
"editor","editor/mixed-url/5000/idle","45","0","0","5.7","5.6","11.1","5.7","272.1","272.3","0.1","0"
"editor","editor/mixed-url/5000/native-scroll-pan","60","0.2","1.3","111.1","38.9","711","66.7","3761","855.6","0.2","2"
"editor","editor/mixed-url/5000/wheel-zoom","60","0.7","1.4","94.4","44.4","2072.1","177.7","6408.2","1241.3","0","2"
"editor","editor/mixed-url/5000/hover","60","1.6","0.4","44.5","16.6","50.1","16.7","1764.6","661.1","0.1","0"
"editor","editor/mixed-url/5000/pointerdown","1","13.3","1.2","72.2","27.9","72.2","27.9","98","49.7","0","0"
"editor","editor/mixed-url/5000/drag-with-snap","60","0.3","0.1","66.7","11","83.2","16.8","2985.6","388.8","0.1","0"
"editor","editor/mixed-url/5000/drag-commit","1","16.4","4.4","77.8","16.7","77.8","16.7","94.6","39.6","0","0"
"editor","editor/mixed-url/5000/drag-without-snap","60","0.2","0.1","55.4","11.1","55.7","16.7","2680.7","404.3","0","0"
"editor","editor/mixed-url/5000/resize","60","0.2","0.1","55.6","22.3","66.7","22.3","2628.6","1145.6","0","0"
"editor","editor/mixed-url/5000/undo","1","14.1","0.5","144.4","16.7","144.4","16.7","226.9","38.9","0.1","0"
"editor","editor/mixed-url/5000/redo","1","12.1","0.4","116.6","11.1","116.6","11.1","197.1","34.5","0.1","0"
"editor","editor/mixed-url/5000/marquee","45","0.7","0.3","55.6","16.8","66.7","27.8","1533.1","650.1","0.1","0"
"editor","editor/mixed-url/5000/select-all","1","2.1","1.6","66.7","33.3","66.7","33.3","88.9","55.6","0.1","0"
"editor","editor/mixed-url/5000/selected-idle","30","0.1","0","5.7","5.6","8.1","5.7","188.8","189","0.2","0"
"editor","editor/mixed-url/5000/text-enter","1","0.7","0.6","16.7","11","16.7","11","46.6","33.6","0.1","0"
"editor","editor/mixed-url/5000/text-input","45","24.8","11.3","38.9","22.2","50","22.3","1544.1","705.4","0.2","0"
"editor","editor/mixed-url/5000/text-commit","1","1.5","1.2","38.9","11.1","38.9","11.1","64.4","33.1","0.1","0"
"editor","editor/mixed-url/5000/unmount","1","60.8","25.6","61.1","27.9","61.1","27.9","80.3","51.5","0","0"
"editor","editor/mixed-url/10000/mount","1","5661.8","124.4","5683","144.5","5683","144.5","8895.3","1141","861.3","2"
"editor","editor/mixed-url/10000/idle","45","0","0","5.7","5.7","11.1","5.7","271.3","272","0","0"
"editor","editor/mixed-url/10000/native-scroll-pan","60","0.3","1.4","61.1","44.4","744.5","55.6","4497.2","1289.1","65","3"
"editor","editor/mixed-url/10000/wheel-zoom","60","0.7","1.3","94.5","33.5","2438.7","44.6","7186.7","1244.3","0.1","0"
"editor","editor/mixed-url/10000/hover","60","1.4","0.4","38.8","16.8","55.6","22.2","1771","860.9","0","0"
"editor","editor/mixed-url/10000/pointerdown","1","36.9","1.1","105.6","22.3","105.6","22.3","143.8","44.2","0.1","0"
"editor","editor/mixed-url/10000/drag-with-snap","60","0.8","0.1","55.7","11.2","66.6","22.1","2893.6","594.2","0.2","0"
"editor","editor/mixed-url/10000/drag-commit","1","30.9","4.5","105.7","22.2","105.7","22.2","139.6","51.2","0","0"
"editor","editor/mixed-url/10000/drag-without-snap","60","1","0.1","55.6","11.2","61.2","16.7","2800.7","587.8","0.1","0"
"editor","editor/mixed-url/10000/resize","60","0.3","0.1","61.1","27.9","72.2","33.3","2863.1","1522.3","0.2","0"
"editor","editor/mixed-url/10000/undo","1","27.7","0.5","205.5","16.8","205.5","16.8","309.4","44.4","0","0"
"editor","editor/mixed-url/10000/redo","1","29.8","0.4","222.2","11.2","222.2","11.2","281.9","40","0.1","0"
"editor","editor/mixed-url/10000/marquee","45","0.2","0.2","49.9","22.4","72.1","27.9","1491.6","900.8","0.1","0"
"editor","editor/mixed-url/10000/select-all","1","3.3","1.8","61.1","27.8","61.1","27.8","93.9","55.6","0.1","0"
"editor","editor/mixed-url/10000/selected-idle","30","0","0","16.7","5.7","27.8","5.7","228.2","188.9","0.1","0"
"editor","editor/mixed-url/10000/text-enter","1","1","0.8","22.2","5.5","22.2","5.5","47.6","33.3","0.1","0"
"editor","editor/mixed-url/10000/text-input","45","22.5","10.2","44.5","22.3","44.6","28","1489.8","810.9","0","0"
"editor","editor/mixed-url/10000/text-commit","1","2.9","1.2","72.2","11.1","72.2","11.1","116.3","33.3","0.2","0"
"editor","editor/mixed-url/10000/unmount","1","64.3","18.8","66.6","16.7","66.6","16.7","103.6","39","0","0"
"editor","editor/dense/1000/mount","1","211.9","53.8","227.7","66.6","227.7","66.6","352","110","0","1"
"editor","editor/dense/1000/idle","45","0","0","5.7","5.6","5.7","5.6","269.2","271.6","0","0"
"editor","editor/dense/1000/native-scroll-pan","60","0.2","2","50","16.7","55.5","16.8","2333.8","811.2","0.2","0"
"editor","editor/dense/1000/wheel-zoom","60","0.4","1.1","77.9","16.8","88.9","22.3","3935.6","1272.5","0.1","0"
"editor","editor/dense/1000/hover","60","1.5","0.4","33.4","11.3","33.4","16.7","1523.5","511.9","0.1","0"
"editor","editor/dense/1000/pointerdown","1","2.8","0.8","55.7","22.3","55.7","22.3","85.9","49.9","0.1","0"
"editor","editor/dense/1000/drag-with-snap","60","0.3","0.1","44.4","5.6","44.5","50.1","1916","401.5","0","0"
"editor","editor/dense/1000/drag-commit","1","1.4","3.5","22.3","11.2","22.3","11.2","53.5","47","0.1","0"
"editor","editor/dense/1000/drag-without-snap","60","0.2","0.1","44.5","5.7","55.5","16.9","2193.9","372.3","0.1","0"
"editor","editor/dense/1000/resize","60","0.2","0.1","50","16.8","50.1","22.3","2181.9","827.7","0.1","0"
"editor","editor/dense/1000/undo","1","2.2","0.4","55.6","16.7","55.6","16.7","111.4","40.1","0","0"
"editor","editor/dense/1000/redo","1","2.2","0.4","27.8","11.1","27.8","11.1","74.8","33.1","0.1","0"
"editor","editor/dense/1000/marquee","45","0.8","0.2","49.9","16.7","61.2","22.2","1734.1","538","0.1","0"
"editor","editor/dense/1000/select-all","1","1","0.7","61","22.3","61","22.3","91.7","44.4","0","0"
"editor","editor/dense/1000/selected-idle","30","0.1","0.1","5.7","5.7","5.7","5.7","187.1","188.9","0.1","0"
"editor","editor/dense/1000/multi-pointerdown","1","19.8","0.8","16.7","5.7","16.7","5.7","38.3","27.7","0.1","0"
"editor","editor/dense/1000/multi-drag","15","0.2","0.2","77.7","11.2","77.7","11.2","982.5","116.5","0.1","0"
"editor","editor/dense/1000/multi-commit","1","1.3","2","27.7","16.5","27.7","16.5","53.4","42.6","0.1","0"
"editor","editor/dense/1000/unmount","1","70.6","21.7","72.3","22.2","72.3","22.2","92.6","44.4","0","0"
"editor","editor/dense/10000/mount","1","479","106.6","500","122.3","500","122.3","749.7","218","24.5","1"
"editor","editor/dense/10000/idle","45","0","0","5.7","5.6","5.7","5.7","270.2","272.3","0.2","0"
"editor","editor/dense/10000/native-scroll-pan","60","0.3","1.6","55.5","11.1","66.6","11.2","2608.9","394.4","0.1","0"
"editor","editor/dense/10000/wheel-zoom","60","0.4","1.3","94.4","11.2","177.8","16.7","4461.5","511.2","0","0"
"editor","editor/dense/10000/hover","60","1.8","0.6","33.3","11.2","38.9","22.3","1663.3","444.5","0.1","0"
"editor","editor/dense/10000/pointerdown","1","27.2","1","94.3","16.6","94.3","16.6","128","36.9","0","0"
"editor","editor/dense/10000/drag-with-snap","60","0.6","0.1","72.2","11.1","88.9","11.2","3504.5","383.1","0.1","0"
"editor","editor/dense/10000/drag-commit","1","17.5","3.7","72.1","16.7","72.1","16.7","96.3","58.5","0.1","0"
"editor","editor/dense/10000/drag-without-snap","60","0.4","0.1","66.6","11.1","111.1","11.2","3316","388.2","0.1","0"
"editor","editor/dense/10000/resize","60","0.5","0.2","61.1","27.7","72.3","44.4","3255.6","1243.5","0.1","0"
"editor","editor/dense/10000/undo","1","20.7","0.5","233.3","16.6","233.3","16.6","380.8","46","0.1","0"
"editor","editor/dense/10000/redo","1","22.4","0.4","211.1","11","211.1","11","368.1","33.5","0","0"
"editor","editor/dense/10000/marquee","45","1.1","0.2","61.3","22.1","66.7","22.3","2110.9","682","0.1","0"
"editor","editor/dense/10000/select-all","1","3","2.2","77.8","22.2","77.8","22.2","131.9","44.3","0","0"
"editor","editor/dense/10000/selected-idle","30","0.1","0","5.7","5.6","5.8","5.7","187.7","188.9","0.1","0"
"editor","editor/dense/10000/multi-pointerdown","1","2471.2","4","2472","5.5","2472","5.5","2492.1","28","0.1","0"
"editor","editor/dense/10000/multi-drag","15","0.9","0.2","699.9","11.2","699.9","11.2","5351.9","129.3","0","0"
"editor","editor/dense/10000/multi-commit","1","11.7","2.9","77.9","72.3","77.9","72.3","122.2","122.5","9.6","1"
"editor","editor/dense/10000/unmount","1","58.2","19","55.3","16.6","55.3","16.6","77.3","38.7","0","0"
"editor","editor/group/1000/mount","1","202.2","64.9","216.7","89","216.7","89","352.7","138.3","0","1"
"editor","editor/group/1000/idle","45","0","0","5.6","5.6","5.6","5.7","270.6","271.5","0","0"
"editor","editor/group/1000/native-scroll-pan","60","0.2","2","44.6","11.1","55.6","11.2","2075.6","416.8","0.2","0"
"editor","editor/group/1000/wheel-zoom","60","1.1","1.3","77.9","11.2","83.3","16.7","3531.5","500","0.1","0"
"editor","editor/group/1000/hover","60","2.9","0.8","33.3","11.2","39","22.3","1416.9","468.3","0.2","0"
"editor","editor/group/1000/pointerdown","1","3.4","1.1","55.5","27.9","55.5","27.9","84.6","49.9","0.2","0"
"editor","editor/group/1000/drag-with-snap","60","0.3","0.1","83.4","5.7","105.5","5.7","3881.4","356.1","0.1","0"
"editor","editor/group/1000/drag-commit","1","1.4","3.5","27.5","22.2","27.5","22.2","47","48.7","0.1","0"
"editor","editor/group/1000/drag-without-snap","60","0.2","0.2","44.4","5.7","44.5","11","2003.4","365.8","0.1","0"
"editor","editor/group/1000/resize","60","0.2","0.1","44.5","22.3","55.5","22.3","2021.8","988.5","0","0"
"editor","editor/group/1000/undo","1","2.6","0.5","61.1","16.7","61.1","16.7","102","38.8","0.1","0"
"editor","editor/group/1000/redo","1","2.4","0.5","33.4","5.5","33.4","5.5","73.1","33.2","0","0"
"editor","editor/group/1000/marquee","45","0.3","0.2","33.4","16.7","38.9","16.8","1260.3","510.7","0","0"
"editor","editor/group/1000/select-all","1","0.8","0.6","44.5","16.6","44.5","16.6","68.9","38.8","0","0"
"editor","editor/group/1000/selected-idle","30","0.1","0","5.7","5.6","5.7","5.7","186.4","188.9","0.1","0"
"editor","editor/group/1000/unmount","1","70.6","20.4","72.2","16.6","72.2","16.6","93.6","38.9","0.1","0"
"editor","editor/group/5000/mount","1","324.8","75","338.8","94.5","338.8","94.5","499.8","171.7","0.1","1"
"editor","editor/group/5000/idle","45","0","0","5.7","5.6","38.8","5.6","303.7","271.6","0.1","0"
"editor","editor/group/5000/native-scroll-pan","60","0.6","1.5","50","11.1","77.8","16.7","2340.3","394.4","0","0"
"editor","editor/group/5000/wheel-zoom","60","0.3","1.1","77.7","11.1","127.8","16.6","3819.8","553.7","0","0"
"editor","editor/group/5000/hover","60","2.6","0.5","33.2","11.2","33.5","16.6","1373","494.4","0.1","0"
"editor","editor/group/5000/pointerdown","1","14.2","1.3","88.9","16.7","88.9","16.7","119","38.8","0.1","0"
"editor","editor/group/5000/drag-with-snap","60","0.7","0.1","266.7","5.7","605.5","11.1","12515.5","361.3","0.2","0"
"editor","editor/group/5000/drag-commit","1","6.9","5.6","49.9","88.8","49.9","88.8","72.2","126.3","0.1","1"
"editor","editor/group/5000/drag-without-snap","60","0.7","0.1","50","11.1","50.1","16.6","2445","382.5","0.2","0"
"editor","editor/group/5000/resize","60","0.2","0.2","50","33.3","61.1","38.8","2519.6","1336.3","0.2","0"
"editor","editor/group/5000/undo","1","10.4","0.5","133.3","22.1","133.3","22.1","214.4","49.8","0.1","0"
"editor","editor/group/5000/redo","1","10.7","0.5","105.5","16.7","105.5","16.7","188.3","39","0","0"
"editor","editor/group/5000/marquee","45","0.8","0.4","44.5","16.8","50.1","22.2","1496","642.3","0.1","0"
"editor","editor/group/5000/select-all","1","1.4","1.2","61.1","22.2","61.1","22.2","100.3","44.5","0.2","0"
"editor","editor/group/5000/selected-idle","30","0","0","5.7","5.7","5.7","5.7","188.1","189","0.1","0"
"editor","editor/group/5000/unmount","1","52.5","17.2","50","16.8","50","16.8","77.2","38.8","0","0"
"lifecycle","cache/mixed1000/long-pan-360","360","7.8","6.5","5.7","5.7","16.6","16.6","2077.5","2077.4","0.1","0"
"lifecycle","cache/mixed1000/return-origin","1","9.5","6.7","5.5","5.5","5.5","5.5","28","27.7","0.1","0"
"lifecycle","lifecycle/mount-draw-dispose-20","20","39","38.9","38.9","38.9","39","94.5","763.2","778","0","1"
"snapshot","snapshot/mixed-url/1000/run1/mount","1","1102.7","62.3","1122.2","83.4","1122.2","83.4","2724.1","575.5","392.4","3"
"snapshot","snapshot/mixed-url/1000/run1/pointerdown","1","3.4","0.6","83.3","22.2","83.3","22.2","108.6","44.4","0.1","0"
"snapshot","snapshot/mixed-url/1000/run1/drag-with-snap","60","0.3","0.1","44.5","5.6","50","11.1","2072.3","367.2","0.1","0"
"snapshot","snapshot/mixed-url/1000/run1/drag-commit","1","2.9","3.1","27.8","16.7","27.8","16.7","51.6","38.8","0.1","0"
"snapshot","snapshot/mixed-url/1000/run1/unmount","1","71.5","21.7","72.2","22.3","72.2","22.3","93.9","44.3","0","0"
"snapshot","snapshot/mixed/1000/run1/mount","1","1162.4","60.3","1183.4","77.9","1183.4","77.9","2375.9","517.3","380","1"
"snapshot","snapshot/mixed/1000/run1/pointerdown","1","690.4","0.5","761.1","16.6","761.1","16.6","800.3","39","0.1","0"
"snapshot","snapshot/mixed/1000/run1/drag-with-snap","60","0.2","0.1","39","5.7","50","27.8","1900.4","391.2","0.1","0"
"snapshot","snapshot/mixed/1000/run1/drag-commit","1","998","3.7","1455.4","16.7","1455.4","16.7","1492.3","40.8","0","0"
"snapshot","snapshot/mixed/1000/run1/unmount","1","71","19.7","72.3","22.2","72.3","22.2","93.5","43.3","0","0"
"snapshot","snapshot/mixed-url/1000/run2/mount","1","841.4","47.7","855.4","61.2","855.4","61.2","2285.3","347.9","217.2","1"
"snapshot","snapshot/mixed-url/1000/run2/pointerdown","1","3.1","0.5","50.1","16.6","50.1","16.6","86.7","44.7","0.2","0"
"snapshot","snapshot/mixed-url/1000/run2/drag-with-snap","60","0.2","0.1","44.5","5.7","55.6","11.1","1959.7","366.5","0","0"
"snapshot","snapshot/mixed-url/1000/run2/drag-commit","1","2","2.8","55.7","16.7","55.7","16.7","77.6","40.1","0","0"
"snapshot","snapshot/mixed-url/1000/run2/unmount","1","63","19","72.3","16.7","72.3","16.7","92.4","38","0","0"
"snapshot","snapshot/mixed/1000/run2/mount","1","847.2","48.3","866.6","61.1","866.6","61.1","1757.2","450.2","287","2"
"snapshot","snapshot/mixed/1000/run2/pointerdown","1","290.9","0.5","344.4","22.3","344.4","22.3","386.2","44.4","0.1","0"
"snapshot","snapshot/mixed/1000/run2/drag-with-snap","60","0.2","0.1","44.3","11.1","44.5","55.5","1931.3","427.9","0.1","1"
"snapshot","snapshot/mixed/1000/run2/drag-commit","1","1026.1","3.9","1777.8","16.7","1777.8","16.7","1838.3","40","0.1","0"
"snapshot","snapshot/mixed/1000/run2/unmount","1","66","21.2","66.5","22.2","66.5","22.2","88.2","43.2","0.1","0"
"snapshot","snapshot/mixed-url/1000/run3/mount","1","764.9","51.3","783.3","72.2","783.3","72.2","2133.1","405","246.2","1"
"snapshot","snapshot/mixed-url/1000/run3/pointerdown","1","3.4","0.7","61","16.6","61","16.6","94.6","39.5","0.2","0"
"snapshot","snapshot/mixed-url/1000/run3/drag-with-snap","60","0.2","0.1","39","5.6","50","5.7","1947.2","355.5","0.1","0"
"snapshot","snapshot/mixed-url/1000/run3/drag-commit","1","1.5","2.2","22.2","11.1","22.2","11.1","43.3","34.6","0.2","0"
"snapshot","snapshot/mixed-url/1000/run3/unmount","1","47.3","17.1","50","16.7","50","16.7","70.3","36.7","0","0"
"snapshot","snapshot/mixed/1000/run3/mount","1","1058.4","48.3","1072.1","61.1","1072.1","61.1","2107.4","399","260","2"
"snapshot","snapshot/mixed/1000/run3/pointerdown","1","313.1","0.4","388.9","16.6","388.9","16.6","415.4","39.1","0.2","0"
"snapshot","snapshot/mixed/1000/run3/drag-with-snap","60","0.5","0.1","50","5.7","483.3","11","2679.5","361.5","0.1","0"
"snapshot","snapshot/mixed/1000/run3/drag-commit","1","1092.2","2.7","1499.9","11.1","1499.9","11.1","1523.4","41","0.1","0"
"snapshot","snapshot/mixed/1000/run3/unmount","1","62.2","18.7","61.2","16.7","61.2","16.7","81.2","38.3","0","0"
"stress","stress/dense/10000/dpr1/run1/cold","1","117.4","65.9","116.7","66.7","116.7","66.7","142.2","143.9","38.3","1"
"stress","stress/dense/10000/dpr1/run1/zoom-crossing","1","57.3","11.2","55.4","11.2","55.4","11.2","77","83","31.4","0"
"stress","stress/dense/10000/dpr1/run1/warm-pan","45","1.8","0.9","5.7","5.6","5.7","5.6","272","272.2","0.1","0"
"stress","stress/effects/1000/dpr1/run1/cold","1","43.7","13.2","44.3","11.2","44.3","11.2","66.5","61","0","0"
"stress","stress/effects/1000/dpr1/run1/zoom-crossing","1","44.6","47","44.4","44.3","44.4","44.3","66.6","66.5","0.1","0"
"stress","stress/effects/1000/dpr1/run1/warm-pan","45","0.5","0.6","5.6","5.7","5.7","5.7","272.3","272.2","0","0"
"stress","stress/mixed-url/1000/dpr1/run1/cold","1","24.6","13","22.2","11.1","22.2","11.1","66.6","49.5","0","0"
"stress","stress/mixed-url/1000/dpr1/run1/zoom-crossing","1","43.3","15.2","44.5","11.1","44.5","11.1","66.5","42.2","0","0"
"stress","stress/mixed-url/1000/dpr1/run1/warm-pan","45","0.5","0.7","5.7","5.6","5.7","5.6","272.2","272.1","0","0"
"stress","stress/group/5000/dpr1/run1/drag","30","80.5","68.8","77.7","83.2","177.7","100.1","1979.4","1628.5","0.1","11"
"stress","stress/dense/10000/dpr1/run2/cold","1","111.5","49.8","116.5","49.9","116.5","49.9","139","101.5","11.7","1"
"stress","stress/dense/10000/dpr1/run2/zoom-crossing","1","61.8","9.3","61","5.7","61","5.7","83.1","59.3","10.9","0"
"stress","stress/dense/10000/dpr1/run2/warm-pan","45","2","0.9","5.6","5.6","5.7","5.7","272.1","272.1","0.1","0"
"stress","stress/effects/1000/dpr1/run2/cold","1","45.5","11.7","44.5","11.1","44.5","11.1","66.3","49.9","0.1","0"
"stress","stress/effects/1000/dpr1/run2/zoom-crossing","1","46.4","40.2","44.5","39","44.5","39","66.2","61.2","0","0"
"stress","stress/effects/1000/dpr1/run2/warm-pan","45","0.6","0.6","5.7","5.6","5.7","5.7","272.1","272.1","0","0"
"stress","stress/mixed-url/1000/dpr1/run2/cold","1","28","12.2","27.8","11.1","27.8","11.1","49.8","46.1","0","0"
"stress","stress/mixed-url/1000/dpr1/run2/zoom-crossing","1","29","12.6","27.8","11.1","27.8","11.1","49.8","45.2","0","0"
"stress","stress/mixed-url/1000/dpr1/run2/warm-pan","45","0.8","0.6","5.7","5.6","5.7","5.7","271.8","272.2","0","0"
"stress","stress/group/5000/dpr1/run2/drag","30","79.5","71.8","83.3","77.7","138.9","144.5","1887.8","1635.7","0","9"
"stress","stress/dense/10000/dpr1/run3/cold","1","96.1","53.7","94.5","50","94.5","50","110.7","107.1","13.2","1"
"stress","stress/dense/10000/dpr1/run3/zoom-crossing","1","56.2","9.2","55.5","5.5","55.5","5.5","77.7","64.5","14.1","0"
"stress","stress/dense/10000/dpr1/run3/warm-pan","45","1.8","0.7","5.6","5.7","5.7","5.7","272.1","272.1","0","0"
"stress","stress/effects/1000/dpr1/run3/cold","1","39.4","11.3","38.9","11.1","38.9","11.1","61","55.4","0","0"
"stress","stress/effects/1000/dpr1/run3/zoom-crossing","1","40.4","45.8","38.9","44.3","38.9","44.3","61.1","66.6","0.1","0"
"stress","stress/effects/1000/dpr1/run3/warm-pan","45","0.5","0.6","5.6","5.7","5.7","5.7","272.1","272.2","0.1","0"
"stress","stress/mixed-url/1000/dpr1/run3/cold","1","25.2","10.4","22.1","11.1","22.1","11.1","66.5","48.3","0","0"
"stress","stress/mixed-url/1000/dpr1/run3/zoom-crossing","1","42.6","12.8","38.9","11.1","38.9","11.1","61.1","39.8","0","0"
"stress","stress/mixed-url/1000/dpr1/run3/warm-pan","45","0.6","0.7","5.7","5.6","5.7","5.6","272.1","272.3","0.1","0"
"stress","stress/group/5000/dpr1/run3/drag","30","80.5","53.7","77.8","61.2","94.4","139","1797.5","1606.5","0.1","7"
"stress","stress/dense/10000/dpr2/run1/cold","1","111.5","53.5","111","49.9","111","49.9","132.2","110.5","18","1"
"stress","stress/dense/10000/dpr2/run1/zoom-crossing","1","88.9","0.7","88.8","5.7","88.8","5.7","117","27.6","0","0"
"stress","stress/dense/10000/dpr2/run1/warm-pan","45","1.9","0.6","5.7","5.6","11","5.7","273.7","272.2","0.1","0"
"stress","stress/effects/1000/dpr2/run1/cold","1","66.7","12.3","66.6","11","66.6","11","88.8","83.2","0","0"
"stress","stress/effects/1000/dpr2/run1/zoom-crossing","1","105.4","0.9","105.5","5.6","105.5","5.6","127.6","27.8","0.1","0"
"stress","stress/effects/1000/dpr2/run1/warm-pan","45","0.7","0.6","5.6","5.7","11.1","5.7","277.6","272.2","0","0"
"stress","stress/mixed-url/1000/dpr2/run1/cold","1","44.8","12.1","44.5","11.1","44.5","11.1","83.6","51.6","0","0"
"stress","stress/mixed-url/1000/dpr2/run1/zoom-crossing","1","74.4","0.8","72.2","5.5","72.2","5.5","94.3","27.8","0.1","0"
"stress","stress/mixed-url/1000/dpr2/run1/warm-pan","45","0.7","0.6","5.6","5.6","5.7","5.7","272.3","272.1","0","0"
"stress","stress/group/5000/dpr2/run1/drag","30","77.5","66","77.8","72.2","116.7","138.8","1911","1572.6","0","9"
"stress","stress/dense/10000/dpr2/run2/cold","1","105.8","52.1","105.5","50.1","105.5","50.1","127.7","101.7","8.6","1"
"stress","stress/dense/10000/dpr2/run2/zoom-crossing","1","103.9","0.7","100","5.6","100","5.6","122.2","27.8","0.1","0"
"stress","stress/dense/10000/dpr2/run2/warm-pan","45","1.9","0.6","5.6","5.6","5.7","5.7","271.9","272.2","0","0"
"stress","stress/effects/1000/dpr2/run2/cold","1","65.1","10.7","61.1","11.1","61.1","11.1","82","61.1","0","0"
"stress","stress/effects/1000/dpr2/run2/zoom-crossing","1","112.8","0.9","111","5.5","111","5.5","135.1","27.7","0","0"
"stress","stress/effects/1000/dpr2/run2/warm-pan","45","0.7","0.6","5.6","5.6","11.1","5.6","276.9","272.1","0.1","0"
"stress","stress/mixed-url/1000/dpr2/run2/cold","1","48.7","11.9","44.4","11.1","44.4","11.1","88","56","11.9","0"
"stress","stress/mixed-url/1000/dpr2/run2/zoom-crossing","1","78.9","0.6","77.7","5.6","77.7","5.6","99.9","27.7","0","0"
"stress","stress/mixed-url/1000/dpr2/run2/warm-pan","45","0.8","0.6","5.6","5.7","5.7","5.7","272.2","272","0","0"
"stress","stress/group/5000/dpr2/run2/drag","30","86.3","47.4","88.9","72.1","155.6","133.2","1941.3","1608.1","0","9"
"stress","stress/dense/10000/dpr2/run3/cold","1","107.3","52","105.5","50","105.5","50","126.9","113.7","20","1"
"stress","stress/dense/10000/dpr2/run3/zoom-crossing","1","88.2","0.8","83.4","5.6","83.4","5.6","105.4","27.8","0","0"
"stress","stress/dense/10000/dpr2/run3/warm-pan","45","1.6","0.8","5.7","5.7","5.7","5.7","272.1","272.2","0.1","0"
"stress","stress/effects/1000/dpr2/run3/cold","1","62.8","13.2","61.1","11.1","61.1","11.1","83.2","66.6","0.1","0"
"stress","stress/effects/1000/dpr2/run3/zoom-crossing","1","106.5","0.7","105.6","5.5","105.6","5.5","127.5","27.6","0","0"
"stress","stress/effects/1000/dpr2/run3/warm-pan","45","0.8","0.7","5.7","5.6","11.2","5.7","277.5","272.2","0.1","0"
"stress","stress/mixed-url/1000/dpr2/run3/cold","1","46.8","10.6","44.4","11.2","44.4","11.2","87.6","53.1","6.7","0"
"stress","stress/mixed-url/1000/dpr2/run3/zoom-crossing","1","82.5","0.7","83.3","5.6","83.3","5.6","112.8","27.7","0","0"
"stress","stress/mixed-url/1000/dpr2/run3/warm-pan","45","0.6","0.6","5.7","5.6","11","5.7","276.1","272","0","0"
"stress","stress/group/5000/dpr2/run3/drag","30","98.1","51.2","99.8","77.8","199.9","83.4","2153.2","1555.3","0","9"
"empty","editor/empty/0/run1/mount","1","389.5","54.9","455.5","66.7","455.5","66.7","658.7","121.3","0.1","1"
"empty","editor/empty/0/run1/idle","45","0.1","0","5.9","5.6","16.9","5.7","331.9","270.6","0","0"
"empty","editor/empty/0/run1/native-scroll-pan","60","0.4","1.4","50","5.6","61.2","5.7","2195.2","355.4","0.1","0"
"empty","editor/empty/0/run1/wheel-zoom","60","0.5","1.6","77.9","11.2","127.8","11.2","3607.6","438.8","0.1","0"
"empty","editor/empty/0/run1/hover","60","0.6","0.5","5.6","5.6","5.7","5.7","352.4","355.3","0.1","0"
"empty","editor/empty/0/run1/marquee","45","0.4","0.2","27.8","11.1","28.1","11.1","800.1","290.3","0","0"
"empty","editor/empty/0/run1/select-all","1","0.5","0.4","11.1","5.6","11.1","5.6","32.3","27.6","0.1","0"
"empty","editor/empty/0/run1/selected-idle","30","0","0","5.7","5.6","5.7","5.7","188.7","188.9","0.1","0"
"empty","editor/empty/0/run1/unmount","1","86.2","22.8","83.4","22.1","83.4","22.1","105.4","44.1","0","0"
"empty","editor/empty/0/run2/mount","1","144.7","33.7","155.6","44.4","155.6","44.4","227.1","73.8","0","0"
"empty","editor/empty/0/run2/idle","45","0","0","5.6","5.6","5.7","5.7","271.9","270.8","0","0"
"empty","editor/empty/0/run2/native-scroll-pan","60","0.2","1.3","33.4","5.6","38.8","11.1","1658.2","373.9","0","0"
"empty","editor/empty/0/run2/wheel-zoom","60","1","1.4","66.6","11.1","94.5","11.2","3129.6","399.8","0","0"
"empty","editor/empty/0/run2/hover","60","0.6","0.5","5.6","5.6","5.7","5.6","355.3","355.6","0","0"
"empty","editor/empty/0/run2/marquee","45","0.3","0.2","16.7","11.1","16.8","11.2","617.4","295.5","0","0"
"empty","editor/empty/0/run2/select-all","1","0.5","0.3","11.1","5.6","11.1","5.6","32.6","27.4","0","0"
"empty","editor/empty/0/run2/selected-idle","30","0.1","0","5.6","5.7","5.6","5.7","189","188.8","0.1","0"
"empty","editor/empty/0/run2/unmount","1","59.6","26.1","61","22.2","61","22.2","83.2","49.9","0","0"
"empty","editor/empty/0/run3/mount","1","138.9","34.5","150","44.4","150","44.4","224.2","79.3","0","1"
"empty","editor/empty/0/run3/idle","45","0","0.1","5.6","5.7","5.7","5.7","271.7","270.4","0.1","0"
"empty","editor/empty/0/run3/native-scroll-pan","60","0.3","1.4","39","5.7","55.6","5.7","1682.4","355.6","0.1","0"
"empty","editor/empty/0/run3/wheel-zoom","60","0.7","1.3","72.2","11.1","94.5","16.7","3304.8","405.4","0","0"
"empty","editor/empty/0/run3/hover","60","0.5","0.4","5.6","5.7","5.7","5.7","355.8","355.6","0.2","0"
"empty","editor/empty/0/run3/marquee","45","0.6","0.1","22.3","11.2","27.8","22.2","794.9","307.1","0.1","0"
"empty","editor/empty/0/run3/select-all","1","0.4","0.4","5.6","5.4","5.6","5.4","27.4","27.8","0.1","0"
"empty","editor/empty/0/run3/selected-idle","30","0.1","0","5.7","5.6","5.7","5.6","188.6","188.9","0.2","0"
"empty","editor/empty/0/run3/unmount","1","53.7","22.2","55.7","22.2","55.7","22.2","78.5","44.4","0","0"
